#
# A fatal error has been detected by the Java Runtime Environment:
#
#  EXCEPTION_ACCESS_VIOLATION (0xc0000005) at pc=0x00007ffd739a3096, pid=9456, tid=29808
#
# JRE version: Java(TM) SE Runtime Environment (25.0.2+10) (build 25.0.2+10-LTS-69)
# Java VM: Java HotSpot(TM) 64-Bit Server VM (25.0.2+10-LTS-69, mixed mode, sharing, tiered, compressed oops, compressed class ptrs, g1 gc, windows-amd64)
# Problematic frame:
# V  [jvm.dll+0x1a3096]
#
# No core dump will be written. Minidumps are not enabled by default on client versions of Windows
#
# If you would like to submit a bug report, please visit:
#   https://bugreport.java.com/bugreport/crash.jsp
#

---------------  S U M M A R Y ------------

Command Line: -Dfile.encoding=IBM437 --module-path=C:\Users\lenovo\Downloads\DuAn_nhom9\AuctionSystem_final\target\classes;C:\Users\lenovo\.m2\repository\ch\qos\logback\logback-classic\1.5.6\logback-classic-1.5.6.jar;C:\Users\lenovo\.m2\repository\ch\qos\logback\logback-core\1.5.6\logback-core-1.5.6.jar;C:\Users\lenovo\.m2\repository\org\kordamp\bootstrapfx\bootstrapfx-core\0.4.0\bootstrapfx-core-0.4.0.jar;C:\Users\lenovo\.m2\repository\org\openjfx\javafx-base\25\javafx-base-25-win.jar;C:\Users\lenovo\.m2\repository\org\openjfx\javafx-controls\25\javafx-controls-25-win.jar;C:\Users\lenovo\.m2\repository\org\openjfx\javafx-fxml\25\javafx-fxml-25-win.jar;C:\Users\lenovo\.m2\repository\org\openjfx\javafx-graphics\25\javafx-graphics-25-win.jar;C:\Users\lenovo\.m2\repository\org\slf4j\slf4j-api\2.0.7\slf4j-api-2.0.7.jar;C:\Users\lenovo\.m2\repository\org\yaml\snakeyaml\2.6\snakeyaml-2.6.jar --add-modules=org.example.loginregister -Djdk.module.main=org.example.loginregister org.example.loginregister/org.example.loginregister.HelloApplication

Host: Intel(R) Core(TM) Ultra 5 225H, 14 cores, 30G,  Windows 11 , 64 bit Build 26100 (10.0.26100.8328)
Time: Wed May 20 15:00:46 2026 SE Asia Standard Time elapsed time: 180.714819 seconds (0d 0h 3m 0s)

---------------  T H R E A D  ---------------

Current thread (0x000001d059351280):  JavaThread "JavaFX Application Thread"        [_thread_in_vm, id=29808, stack(0x00000003cd500000,0x00000003cd600000) (1024K)]

Stack: [0x00000003cd500000,0x00000003cd600000],  sp=0x00000003cd5fda40,  free space=1014k
Native frames: (J=compiled Java code, j=interpreted, Vv=VM code, C=native code)
V  [jvm.dll+0x1a3096]  (no source info available)
V  [jvm.dll+0x4fa0ea]  (no source info available)
V  [jvm.dll+0x4ee422]  (no source info available)
C  [glass.dll+0x54d0]  (no source info available)
C  [glass.dll+0xa92a]  (no source info available)
C  [glass.dll+0x177f]  (no source info available)
C  [USER32.dll+0xc396]  (no source info available)
C  [USER32.dll+0xb6a3]  (no source info available)
C  [USER32.dll+0xb454]  (no source info available)
C  [USER32.dll+0xb23f]  (no source info available)
C  [glass.dll+0x1a687]  (no source info available)
C  0x000001d03ef2d193  (no source info available)

The last pc belongs to native method entry point (kind = native) (printed below).
Java frames: (J=compiled Java code, j=interpreted, Vv=VM code)
j  com.sun.glass.ui.win.WinView._exitFullscreen(JZ)V+0 javafx.graphics@25
j  com.sun.glass.ui.View.exitFullscreen(Z)V+13 javafx.graphics@25
j  com.sun.javafx.tk.quantum.WindowStage.applyFullScreen()V+288 javafx.graphics@25
j  com.sun.javafx.tk.quantum.WindowStage.setFullScreen(Z)V+38 javafx.graphics@25
j  com.sun.javafx.tk.quantum.WindowStage.exitFullScreen()V+2 javafx.graphics@25
j  com.sun.javafx.tk.quantum.WindowStage.setScene(Lcom/sun/javafx/tk/TKScene;)V+12 javafx.graphics@25
j  javafx.stage.Window$SceneModel.updatePeerScene(Lcom/sun/javafx/tk/TKScene;)V+18 javafx.graphics@25
j  javafx.stage.Window$SceneModel.invalidated()V+35 javafx.graphics@25
J 3533 c1 javafx.beans.property.ObjectPropertyBase.set(Ljava/lang/Object;)V javafx.base@25 (76 bytes) @ 0x000001d037f6661c [0x000001d037f66100+0x000000000000051c]
j  javafx.stage.Window.setScene(Ljavafx/scene/Scene;)V+5 javafx.graphics@25
j  javafx.stage.Stage.setScene(Ljavafx/scene/Scene;)V+8 javafx.graphics@25
j  org.example.loginregister.client.service.SceneManager.switchSceneAndGetController(Ljavafx/stage/Stage;Ljava/lang/String;Ljava/lang/String;)Ljava/lang/Object;+47 org.example.loginregister@1.0-SNAPSHOT
j  org.example.loginregister.client.controller.LoginController.lambda$validateLogin$0(Ljava/lang/String;Lorg/example/loginregister/server/model/entity/user/User;Ljavafx/event/ActionEvent;)V+188 org.example.loginregister@1.0-SNAPSHOT
j  org.example.loginregister.client.controller.LoginController$$Lambda+0x000000003f35e658.handle(Ljavafx/event/Event;)V+16 org.example.loginregister@1.0-SNAPSHOT
j  javafx.animation.Animation.runHandler(Ljavafx/event/EventHandler;)V+14 javafx.graphics@25
J 4070 c1 com.sun.scenario.animation.shared.SingleLoopClipEnvelope.timePulse(J)V javafx.graphics@25 (153 bytes) @ 0x000001d038084224 [0x000001d038083980+0x00000000000008a4]
J 4064 c1 javafx.animation.Animation.doTimePulse(J)V javafx.graphics@25 (60 bytes) @ 0x000001d038082b04 [0x000001d038082880+0x0000000000000284]
J 4155 c1 javafx.animation.Animation$1.timePulse(J)V javafx.graphics@25 (26 bytes) @ 0x000001d0380a0ccc [0x000001d0380a0b80+0x000000000000014c]
J 4660 c1 com.sun.scenario.animation.AbstractPrimaryTimer.timePulseImpl(J)V javafx.graphics@25 (172 bytes) @ 0x000001d038169c8c [0x000001d038169920+0x000000000000036c]
J 4434 c1 com.sun.scenario.animation.AbstractPrimaryTimer$MainLoop.run()V javafx.graphics@25 (50 bytes) @ 0x000001d03812173c [0x000001d038121400+0x000000000000033c]
J 4243 c1 com.sun.javafx.tk.quantum.QuantumToolkit.pulse(Z)V javafx.graphics@25 (152 bytes) @ 0x000001d0380cabdc [0x000001d0380ca100+0x0000000000000adc]
J 4253 c1 com.sun.javafx.tk.quantum.QuantumToolkit$$Lambda+0x000000003f071200.run()V javafx.graphics@25 (8 bytes) @ 0x000001d0380d0cc4 [0x000001d0380d0a00+0x00000000000002c4]
J 4221 c1 com.sun.glass.ui.InvokeLaterDispatcher$Future.run()V javafx.graphics@25 (91 bytes) @ 0x000001d0380c2214 [0x000001d0380c2100+0x0000000000000114]
v  ~StubRoutines::call_stub 0x000001d03ef212ed
j  com.sun.glass.ui.win.WinApplication._runLoop(Ljava/lang/Runnable;)V+0 javafx.graphics@25
j  com.sun.glass.ui.win.WinApplication.lambda$runLoop$0(ILjava/lang/Runnable;)V+8 javafx.graphics@25
j  com.sun.glass.ui.win.WinApplication$$Lambda+0x000000003f06ca80.run()V+12 javafx.graphics@25
j  java.lang.Thread.runWith(Ljava/lang/Object;Ljava/lang/Runnable;)V+5 java.base@25.0.2
j  java.lang.Thread.run()V+19 java.base@25.0.2
v  ~StubRoutines::call_stub 0x000001d03ef212ed

siginfo: EXCEPTION_ACCESS_VIOLATION (0xc0000005), reading address 0xffffffffffffffff


Registers:
RAX=0x0000000000000001, RBX=0x0000000000000000, RCX=0x4928001782e80000, RDX=0x00000003cd5fdbd0
RSP=0x00000003cd5fda40, RBP=0x00000003cd5fdb41, RSI=0x000001d059351280, RDI=0x0000000000000001
R8 =0x4928001782e80001, R9 =0x0000000000000001, R10=0x000001d05451dd98, R11=0x00000003cd5fdb80
R12=0x0000000000000000, R13=0x00000003cd5fdbd0, R14=0x4928001782e80001, R15=0x000001d05840cdc8
RIP=0x00007ffd739a3096, EFLAGS=0x0000000000010202

XMM[0]=0x0000000000000000 0x0000000000000000
XMM[1]=0x0000000000000000 0x0000000000000000
XMM[2]=0x0000000000000000 0x0000000000000000
XMM[3]=0x0000000000000000 0x0000000000000000
XMM[4]=0x0000000000000000 0x0000000000000000
XMM[5]=0x0000000000000000 0x0000000000000000
XMM[6]=0x0000000000000000 0xdcd4a53650a8581e
XMM[7]=0x0000000000000000 0x273e00c7ff01f20b
XMM[8]=0x0000000000000000 0xae7ba067b1679d6f
XMM[9]=0x0000000000000000 0x2329083b1d199dc1
XMM[10]=0x0000000000000000 0x00000000f9f09586
XMM[11]=0x0000000000000000 0xe0880101fda19ec2
XMM[12]=0x0000000000000000 0x000000001d199dc1
XMM[13]=0x0000000000000000 0x0000000000000000
XMM[14]=0x0000000000000000 0x0000000000000000
XMM[15]=0x0000000000000000 0x0000000000000000
  MXCSR=0x00001fa7


Register to memory mapping:

RAX=0x0000000000000001 is an unknown value
RBX=0x0 is null
RCX=0x4928001782e80000 is an unknown value
RDX=0x00000003cd5fdbd0 is pointing into the stack for thread: 0x000001d059351280
RSP=0x00000003cd5fda40 is pointing into the stack for thread: 0x000001d059351280
RBP=0x00000003cd5fdb41 is pointing into the stack for thread: 0x000001d059351280
RSI=0x000001d059351280 is a thread
RDI=0x0000000000000001 is an unknown value
R8 =0x4928001782e80001 is an unknown value
R9 =0x0000000000000001 is an unknown value
R10={method} {0x000001d05451dda0} 'notifyView' '(I)V' in 'com/sun/glass/ui/View'
R11=0x00000003cd5fdb80 is pointing into the stack for thread: 0x000001d059351280
R12=0x0 is null
R13=0x00000003cd5fdbd0 is pointing into the stack for thread: 0x000001d059351280
R14=0x4928001782e80001 is an unknown value
R15=0x000001d05840cdc8 points into unknown readable memory: 0x000001d05451dd98 | 98 dd 51 54 d0 01 00 00

Top of Stack: (sp=0x00000003cd5fda40)
0x00000003cd5fda40:   0000000000000000 0000000000000000   ................
0x00000003cd5fda50:   0000000000000070 ffffffffffffffff   p...............
0x00000003cd5fda60:   0000000000000000 00007ffd73cfa0ea   ...........s....
0x00000003cd5fda70:   00007ffdf4c1c569 0000000000000000   i...............
0x00000003cd5fda80:   0000000000000000 0000000000000000   ................
0x00000003cd5fda90:   0000000000000000 0000000000000000   ................
0x00000003cd5fdaa0:   0000000040000000 00007ffdf4c1bc1c   ...@............
0x00000003cd5fdab0:   00000003cd5fdc00 00007ffdf5461ac0   .._.......F.....
0x00000003cd5fdac0:   0000000000250890 0000000080000000   ..%.............
0x00000003cd5fdad0:   0000000000000006 0000000000000000   ................
0x00000003cd5fdae0:   0000000000000000 00007ffd00000001   ................
0x00000003cd5fdaf0:   00000003cd5fdfc0 4928001782e80001   .._...........(I
0x00000003cd5fdb00:   00000003cd5fdc98 00007ffd73cf9251   .._.....Q..s....
0x00000003cd5fdb10:   00000003cd5fdc00 0000000000000000   .._.............
0x00000003cd5fdb20:   000001d05451dd98 0000000000000000   ..QT............
0x00000003cd5fdb30:   000001d05451dd98 000001d059351280   ..QT......5Y....
0x00000003cd5fdb40:   000000003e4d6628 000000000000000e   (fM>............
0x00000003cd5fdb50:   0000629f8128bd53 00007ffdf4cbb710   S.(..b..........
0x00000003cd5fdb60:   00007ffd742fc8d8 0000000000000000   ../t............
0x00000003cd5fdb70:   000001d0593516c8 000001d05840cdc8   ..5Y......@X....
0x00000003cd5fdb80:   00000003cd5fdc98 00007ffd73cee422   .._....."..s....
0x00000003cd5fdb90:   000001d05451dd98 000001d059351280   ..QT......5Y....
0x00000003cd5fdba0:   000001d05840cdc8 000001d059351280   ..@X......5Y....
0x00000003cd5fdbb0:   000001d05840cdc8 00000003cd5fdc00   ..@X......_.....
0x00000003cd5fdbc0:   000001d059351280 000001d02d5aa0a0   ..5Y......Z-....
0x00000003cd5fdbd0:   000000000000020e 0000000000000006   ................
0x00000003cd5fdbe0:   000001d059351280 0000000000000000   ..5Y............
0x00000003cd5fdbf0:   00007ffdf5461b80 00007ffd9a36bc74   ..F.....t.6.....
0x00000003cd5fdc00:   00007ffd742fc8d8 000000003e4d6628   ../t....(fM>....
0x00000003cd5fdc10:   000000000000000e 000000000000015c   ........\.......
0x00000003cd5fdc20:   0000000000000000 00000003cd5fdc98   .........._.....
0x00000003cd5fdc30:   00000003cd5fdfc0 0000000000000000   .._.............

Instructions: (pc=0x00007ffd739a3096)
  0x00007ffd739a2f96:   c4 30 5f c3 cc cc cc cc cc cc 48 89 5c 24 08 48
  0x00007ffd739a2fa6:   89 74 24 10 48 89 7c 24 18 4c 89 74 24 20 41 57
  0x00007ffd739a2fb6:   48 83 ec 30 4c 8b f9 48 8b 09 e8 7b 37 10 00 48
  0x00007ffd739a2fc6:   8b 15 ec 9d b9 00 48 8b f0 4c 8b 72 30 49 8b ce
  0x00007ffd739a2fd6:   49 8b 16 48 8b 1a 48 8b d0 ff d3 48 8b 15 f8 03
  0x00007ffd739a2fe6:   c0 00 0f b6 f8 48 c1 ea 2f f6 c2 01 74 05 0f 01
  0x00007ffd739a2ff6:   e8 eb 06 33 c0 33 c9 0f a2 80 3d e9 92 ba 00 00
  0x00007ffd739a3006:   74 30 83 be 9c 00 00 00 ff 75 27 b9 01 00 00 00
  0x00007ffd739a3016:   f0 0f c1 0d a2 9d b9 00 ff c1 b8 cd cc cc cc f7
  0x00007ffd739a3026:   e1 c1 ea 03 8d 04 92 03 c0 3b c8 75 05 40 32 ff
  0x00007ffd739a3036:   eb 05 40 84 ff 75 29 48 8b 05 bc 9d b9 00 48 85
  0x00007ffd739a3046:   c0 74 0f 48 8b d6 48 8d 0d 7d 02 90 00 e8 08 f9
  0x00007ffd739a3056:   ff ff 4d 8b c7 48 8b d6 49 8b ce e8 8a 01 00 00
  0x00007ffd739a3066:   48 8b 5c 24 40 33 c0 48 8b 74 24 48 40 84 ff 48
  0x00007ffd739a3076:   8b 7c 24 50 4c 8b 74 24 58 0f 94 c0 48 83 c4 30
  0x00007ffd739a3086:   41 5f c3 cc cc cc cc cc cc cc 40 53 48 83 ec 20
=>0x00007ffd739a3096:   48 8b 19 48 85 db 74 7a 48 89 7c 24 38 48 8b 3d
  0x00007ffd739a30a6:   0e 9d b9 00 80 bf 18 06 00 00 00 74 57 65 48 8b
  0x00007ffd739a30b6:   04 25 58 00 00 00 8b 15 3a 48 c0 00 48 89 74 24
  0x00007ffd739a30c6:   30 48 8b 34 d0 b8 48 00 00 00 80 3c 30 00 75 05
  0x00007ffd739a30d6:   e8 7d 49 84 00 ba 20 00 00 00 48 8d 8f f0 04 00
  0x00007ffd739a30e6:   00 4c 8b c3 48 8b 14 32 48 83 c2 38 e8 59 d1 66
  0x00007ffd739a30f6:   00 48 8b 74 24 30 48 8b c3 48 8b 7c 24 38 48 83
  0x00007ffd739a3106:   c4 20 5b c3 48 8b 7c 24 38 48 8b c3 48 83 c4 20
  0x00007ffd739a3116:   5b c3 48 8b c3 48 83 c4 20 5b c3 cc cc cc cc cc
  0x00007ffd739a3126:   cc cc cc cc cc cc cc cc cc cc 48 8b 11 e9 98 22
  0x00007ffd739a3136:   f6 ff cc cc cc cc cc cc cc cc 48 63 42 28 49 63
  0x00007ffd739a3146:   c8 48 03 c2 48 ff c9 48 8d 0c c8 48 ff 25 f8 05
  0x00007ffd739a3156:   b4 00 cc cc cc cc cc cc cc cc 48 63 42 28 49 63
  0x00007ffd739a3166:   c8 48 03 c2 48 ff c9 48 8d 0c c8 48 ff 25 d0 05
  0x00007ffd739a3176:   b4 00 cc cc cc cc cc cc cc cc 40 53 48 83 ec 20
  0x00007ffd739a3186:   48 8b 4a 50 48 8b da e8 be a0 5a 00 84 c0 75 43


Stack slot to memory mapping:

stack at sp + 0 slots: 0x0 is null
stack at sp + 1 slots: 0x0 is null
stack at sp + 2 slots: 0x0000000000000070 is an unknown value
stack at sp + 3 slots: 0xffffffffffffffff is an unknown value
stack at sp + 4 slots: 0x0 is null
stack at sp + 5 slots: 0x00007ffd73cfa0ea jvm.dll
stack at sp + 6 slots: 0x00007ffdf4c1c569 USER32.dll
stack at sp + 7 slots: 0x0 is null

Lock stack of current Java thread (top to bottom):

native method entry point (kind = native)  [0x000001d03ef2cdc0, 0x000001d03ef2d8b8]  2808 bytes
[MachCode]
  0x000001d03ef2cdc0: 488b 4b08 | 0fb7 492e | 584c 8d74 | ccf8 6800 | 0000 0068 | 0000 0000 | 5055 488b | ec41 5548 
  0x000001d03ef2cde0: 8b43 084c | 8d68 3848 | 8b40 0868 | 0000 0000 | 5348 8b50 | 1848 8b52 | 7048 8b12 | 5248 8b53 
  0x000001d03ef2ce00: 1048 85d2 | 7407 4881 | c2d0 0000 | 0052 488b | 5010 5249 | 8bc6 482b | c548 c1e8 | 0350 6800 
  0x000001d03ef2ce20: 0000 0068 | f7ff ffff | 41c6 87f1 | 0400 0001 | 488b 4310 | 4885 c074 | 208b 8890 | 0000 0083 
  0x000001d03ef2ce40: c102 8988 | 9000 0000 | 2388 a400 | 0000 0f84 | b209 0000 | e9cf 0000 | 0048 8b43 | 1848 85c0 
  0x000001d03ef2ce60: 0f85 b000 | 0000 e805 | 0000 00e9 | 9900 0000 | 488b d348 | 8d44 2408 | 4c89 6dc0 | 498b cfc5 
  0x000001d03ef2ce80: f877 4989 | af38 0400 | 0049 8987 | 2804 0000 | 4883 ec20 | 40f6 c40f | 0f84 1900 | 0000 4883 
  0x000001d03ef2cea0: ec08 48b8 | 4022 c773 | fd7f 0000 | ffd0 4883 | c408 e90c | 0000 0048 | b840 22c7 | 73fd 7f00 
  0x000001d03ef2cec0: 00ff d048 | 83c4 2049 | c787 2804 | 0000 0000 | 0000 49c7 | 8738 0400 | 0000 0000 | 0049 c787 
  0x000001d03ef2cee0: 3004 0000 | 0000 0000 | c5f8 7749 | 837f 0800 | 0f84 0500 | 0000 e9e5 | 42ff ff4c | 8b6d c04c 
  0x000001d03ef2cf00: 8b75 c84e | 8d74 f500 | c348 8b43 | 1848 85c0 | 0f84 1200 | 0000 8b48 | 0883 c102 | 8948 0823 
  0x000001d03ef2cf20: 482c 0f84 | de08 0000 | 493b a770 | 0500 000f | 8748 0000 | 0089 8424 | 00f0 ffff | 8984 2400 
  0x000001d03ef2cf40: e0ff ff89 | 8424 00d0 | ffff 8984 | 2400 c0ff | ff89 8424 | 00b0 ffff | 8984 2400 | a0ff ff89 
  0x000001d03ef2cf60: 8424 0090 | ffff 8984 | 2400 80ff | ff49 3ba7 | 6805 0000 | 7607 4989 | a770 0500 | 0041 c687 
  0x000001d03ef2cf80: f104 0000 | 0048 8b5d | e84c 8b5b | 0845 0fb7 | 5b2e 41c1 | e303 492b | e348 83ec | 2048 83e4 
  0x000001d03ef2cfa0: f04c 8b5b | 604d 85db | 0f85 ab00 | 0000 e805 | 0000 00e9 | 9900 0000 | 488b d348 | 8d44 2408 
  0x000001d03ef2cfc0: 4c89 6dc0 | 498b cfc5 | f877 4989 | af38 0400 | 0049 8987 | 2804 0000 | 4883 ec20 | 40f6 c40f 
  0x000001d03ef2cfe0: 0f84 1900 | 0000 4883 | ec08 48b8 | 704b c773 | fd7f 0000 | ffd0 4883 | c408 e90c | 0000 0048 
  0x000001d03ef2d000: b870 4bc7 | 73fd 7f00 | 00ff d048 | 83c4 2049 | c787 2804 | 0000 0000 | 0000 49c7 | 8738 0400 
  0x000001d03ef2d020: 0000 0000 | 0049 c787 | 3004 0000 | 0000 0000 | c5f8 7749 | 837f 0800 | 0f84 0500 | 0000 e99d 
  0x000001d03ef2d040: 41ff ff4c | 8b6d c04c | 8b75 c84e | 8d74 f500 | c348 8b5d | e84c 8b5b | 6041 ffd3 | 488b 5de8 
  0x000001d03ef2d060: 4889 4518 | 440f b75b | 2c41 f6c3 | 080f 841b | 0000 004c | 8b5b 084d | 8b5b 084d | 8b5b 184d 
  0x000001d03ef2d080: 8b5b 704d | 8b1b 4c89 | 5d10 488d | 5510 488b | 4358 49ba | 4015 0274 | fd7f 0000 | 493b c20f 
  0x000001d03ef2d0a0: 85ab 0000 | 00e8 0500 | 0000 e999 | 0000 0048 | 8bd3 488d | 4424 084c | 896d c049 | 8bcf c5f8 
  0x000001d03ef2d0c0: 7749 89af | 3804 0000 | 4989 8728 | 0400 0048 | 83ec 2040 | f6c4 0f0f | 8419 0000 | 0048 83ec 
  0x000001d03ef2d0e0: 0848 b870 | 4bc7 73fd | 7f00 00ff | d048 83c4 | 08e9 0c00 | 0000 48b8 | 704b c773 | fd7f 0000 
  0x000001d03ef2d100: ffd0 4883 | c420 49c7 | 8728 0400 | 0000 0000 | 0049 c787 | 3804 0000 | 0000 0000 | 49c7 8730 
  0x000001d03ef2d120: 0400 0000 | 0000 00c5 | f877 4983 | 7f08 000f | 8405 0000 | 00e9 a640 | ffff 4c8b | 6dc0 4c8b 
  0x000001d03ef2d140: 75c8 4e8d | 74f5 00c3 | 488b 5de8 | 488b 4358 | 498d 8f48 | 0400 004c | 8d15 d500 | 0000 4d89 
  0x000001d03ef2d160: 9730 0400 | 00c5 f877 | 4989 af38 | 0400 0049 | 89a7 2804 | 0000 41c7 | 87d4 0400 | 0004 0000 
  0x000001d03ef2d180: 0049 3ba7 | c805 0000 | 7607 4989 | a7c8 0500 | 00ff d049 | 3ba7 c805 | 0000 720b | 49c7 87c8 
  0x000001d03ef2d1a0: 0500 0000 | 0000 00c5 | f877 4883 | ec10 c5fb | 1104 2448 | 83ec 1048 | 8904 2448 | c744 2408 
  0x000001d03ef2d1c0: 0000 0000 | 41c7 87d4 | 0400 0005 | 0000 00f0 | 8344 24c0 | 0049 3b6f | 280f 870e | 0000 0041 
  0x000001d03ef2d1e0: 83bf d004 | 0000 000f | 8420 0000 | 0049 8bcf | 4c8b e448 | 83ec 2048 | 83e4 f048 | b8a0 afc8 
  0x000001d03ef2d200: 73fd 7f00 | 00ff d049 | 8be4 4d33 | e441 c787 | d404 0000 | 0800 0000 | 4d8b 97f0 | 0500 0049 
  0x000001d03ef2d220: 83fa 0074 | 3549 c787 | f005 0000 | 0000 0000 | 41ff e249 | ba60 bef2 | 3ed0 0100 | 0041 ffd2 
  0x000001d03ef2d240: 4883 ec10 | c5fb 1104 | 2448 83ec | 1048 8904 | 2448 c744 | 2408 0000 | 0000 49c7 | 8728 0400 
  0x000001d03ef2d260: 0000 0000 | 0049 c787 | 3804 0000 | 0000 0000 | 49c7 8730 | 0400 0000 | 0000 00c5 | f877 4d8b 
  0x000001d03ef2d280: 9fb8 0400 | 0041 c783 | 0001 0000 | 0000 0000 | 49bb 5aa7 | f23e d001 | 0000 4c3b | 5d18 0f85 
  0x000001d03ef2d2a0: 5501 0000 | 488b 0424 | 4883 c410 | 4885 c00f | 842f 0100 | 00a8 030f | 8508 0000 | 0048 8b00 
  0x000001d03ef2d2c0: e91f 0100 | 00a8 010f | 8509 0000 | 0048 8b40 | fee9 0e01 | 0000 488b | 40ff 4180 | 7f48 000f 
  0x000001d03ef2d2e0: 84ff 0000 | 0048 83f8 | 000f 84f5 | 0000 004d | 8b5f 384d | 85db 0f84 | 1400 0000 | 4983 eb08 
  0x000001d03ef2d300: 4d89 5f38 | 4d03 5f40 | 4989 03e9 | d400 0000 | 4883 ec70 | 4889 0424 | 4889 4c24 | 0848 8954 
  0x000001d03ef2d320: 2410 4c89 | 4424 184c | 894c 2420 | 4c89 5424 | 284c 895c | 2430 c5fb | 1144 2440 | c5fb 114c 
  0x000001d03ef2d340: 2448 c5fb | 1154 2450 | c5fb 115c | 2458 c5fb | 1164 2460 | c5fb 116c | 2468 498b | d748 8bc8 
  0x000001d03ef2d360: 4883 ec20 | 40f6 c40f | 0f84 1900 | 0000 4883 | ec08 48b8 | 2077 bb73 | fd7f 0000 | ffd0 4883 
  0x000001d03ef2d380: c408 e90c | 0000 0048 | b820 77bb | 73fd 7f00 | 00ff d048 | 83c4 20c5 | fb10 6c24 | 68c5 fb10 
  0x000001d03ef2d3a0: 6424 60c5 | fb10 5c24 | 58c5 fb10 | 5424 50c5 | fb10 4c24 | 48c5 fb10 | 4424 404c | 8b5c 2430 
  0x000001d03ef2d3c0: 4c8b 5424 | 284c 8b4c | 2420 4c8b | 4424 1848 | 8b54 2410 | 488b 4c24 | 0848 8b04 | 2448 83c4 
  0x000001d03ef2d3e0: 70c5 f877 | 4889 4510 | 4883 ec10 | 4889 0424 | 48c7 4424 | 0800 0000 | 0041 83bf | 5005 0000 
  0x000001d03ef2d400: 020f 85bf | 0000 0048 | 81ec 8000 | 0000 4889 | 4424 7848 | 894c 2470 | 4889 5424 | 6848 895c 
  0x000001d03ef2d420: 2460 4889 | 6c24 5048 | 8974 2448 | 4889 7c24 | 404c 8944 | 2438 4c89 | 4c24 304c | 8954 2428 
  0x000001d03ef2d440: 4c89 5c24 | 204c 8964 | 2418 4c89 | 6c24 104c | 8974 2408 | 4c89 3c24 | 4c8b e448 | 83ec 2048 
  0x000001d03ef2d460: 83e4 f048 | b8b0 fc01 | 74fd 7f00 | 00ff d049 | 8be4 4c8b | 3c24 4c8b | 7424 084c | 8b6c 2410 
  0x000001d03ef2d480: 4c8b 6424 | 184c 8b5c | 2420 4c8b | 5424 284c | 8b4c 2430 | 4c8b 4424 | 3848 8b7c | 2440 488b 
  0x000001d03ef2d4a0: 7424 4848 | 8b6c 2450 | 488b 5c24 | 6048 8b54 | 2468 488b | 4c24 7048 | 8b44 2478 | 4881 c480 
  0x000001d03ef2d4c0: 0000 004d | 33e4 488b | 5de8 4c8b | 6b08 4d8d | 6d38 4983 | 7f08 000f | 84bb 0000 | 00e8 0500 
  0x000001d03ef2d4e0: 0000 e996 | 0000 0048 | 8d44 2408 | 4c89 6dc0 | 498b cfc5 | f877 4989 | af38 0400 | 0049 8987 
  0x000001d03ef2d500: 2804 0000 | 4883 ec20 | 40f6 c40f | 0f84 1900 | 0000 4883 | ec08 48b8 | b069 c773 | fd7f 0000 
  0x000001d03ef2d520: ffd0 4883 | c408 e90c | 0000 0048 | b8b0 69c7 | 73fd 7f00 | 00ff d048 | 83c4 2049 | c787 2804 
  0x000001d03ef2d540: 0000 0000 | 0000 49c7 | 8738 0400 | 0000 0000 | 0049 c787 | 3004 0000 | 0000 0000 | c5f8 7749 
  0x000001d03ef2d560: 837f 0800 | 0f84 0500 | 0000 e971 | 3cff ff4c | 8b6d c04c | 8b75 c84e | 8d74 f500 | c348 b968 
  0x000001d03ef2d580: 082b 74fd | 7f00 0048 | 83e4 f048 | b800 91ee | 73fd 7f00 | 00ff d0f4 | 440f b75b | 2c41 f6c3 
  0x000001d03ef2d5a0: 200f 8472 | 0100 0048 | 8d55 a84c | 8b5a 084d | 85db 0f85 | bb00 0000 | e805 0000 | 00e9 9600 
  0x000001d03ef2d5c0: 0000 488d | 4424 084c | 896d c049 | 8bcf c5f8 | 7749 89af | 3804 0000 | 4989 8728 | 0400 0048 
  0x000001d03ef2d5e0: 83ec 2040 | f6c4 0f0f | 8419 0000 | 0048 83ec | 0848 b8e0 | 68c7 73fd | 7f00 00ff | d048 83c4 
  0x000001d03ef2d600: 08e9 0c00 | 0000 48b8 | e068 c773 | fd7f 0000 | ffd0 4883 | c420 49c7 | 8728 0400 | 0000 0000 
  0x000001d03ef2d620: 0049 c787 | 3804 0000 | 0000 0000 | 49c7 8730 | 0400 0000 | 0000 00c5 | f877 4983 | 7f08 000f 
  0x000001d03ef2d640: 8405 0000 | 00e9 963b | ffff 4c8b | 6dc0 4c8b | 75c8 4e8d | 74f5 00c3 | 48b9 6808 | 2b74 fd7f 
  0x000001d03ef2d660: 0000 4883 | e4f0 48b8 | 0091 ee73 | fd7f 0000 | ffd0 f44c | 896d c04c | 8b4a 0848 | c742 0800 
  0x000001d03ef2d680: 0000 0045 | 8b87 d806 | 0000 4f3b | 4c07 f80f | 8542 0000 | 0041 83af | d806 0000 | 084f 3b4c 
  0x000001d03ef2d6a0: 07f0 0f84 | 2a00 0000 | 498b 01a8 | 020f 8512 | 0000 004c | 8bc0 4983 | c801 f04d | 0fb1 010f 
  0x000001d03ef2d6c0: 840d 0000 | 0041 8387 | d806 0000 | 08e9 0500 | 0000 e93e | 0000 004c | 894a 0848 | 8bca 4883 
  0x000001d03ef2d6e0: ec20 40f6 | c40f 0f84 | 1900 0000 | 4883 ec08 | 48b8 303b | c773 fd7f | 0000 ffd0 | 4883 c408 
  0x000001d03ef2d700: e90c 0000 | 0048 b830 | 3bc7 73fd | 7f00 00ff | d048 83c4 | 204c 8b6d | c041 c687 | 9603 0000 
  0x000001d03ef2d720: 0149 3b6f | 280f 8705 | 0000 00e9 | ab00 0000 | 4883 ec10 | c5fb 1104 | 2448 83ec | 1048 8904 
  0x000001d03ef2d740: 2448 c744 | 2408 0000 | 0000 c5f8 | 7749 89af | 3804 0000 | 49ba 4ad7 | f23e d001 | 0000 4d89 
  0x000001d03ef2d760: 9730 0400 | 0049 89a7 | 2804 0000 | 498b cf48 | 83ec 2040 | f6c4 0f0f | 8419 0000 | 0048 83ec 
  0x000001d03ef2d780: 0848 b8d0 | 21c7 73fd | 7f00 00ff | d048 83c4 | 08e9 0c00 | 0000 48b8 | d021 c773 | fd7f 0000 
  0x000001d03ef2d7a0: ffd0 4883 | c420 49c7 | 8728 0400 | 0000 0000 | 0049 c787 | 3804 0000 | 0000 0000 | 49c7 8730 
  0x000001d03ef2d7c0: 0400 0000 | 0000 00c5 | f877 488b | 0424 4883 | c410 c5fb | 1004 2448 | 83c4 1048 | 8b04 2448 
  0x000001d03ef2d7e0: 83c4 10c5 | fb10 0424 | 4883 c410 | 4c8b 5d18 | 41ff d34c | 8b5d f8c9 | 41c6 8796 | 0300 0000 
  0x000001d03ef2d800: 5f49 8be3 | ffe7 ba00 | 0000 00e8 | 0500 0000 | e996 0000 | 0048 8d44 | 2408 4c89 | 6dc0 498b 
  0x000001d03ef2d820: cfc5 f877 | 4989 af38 | 0400 0049 | 8987 2804 | 0000 4883 | ec20 40f6 | c40f 0f84 | 1900 0000 
  0x000001d03ef2d840: 4883 ec08 | 48b8 2031 | c773 fd7f | 0000 ffd0 | 4883 c408 | e90c 0000 | 0048 b820 | 31c7 73fd 
  0x000001d03ef2d860: 7f00 00ff | d048 83c4 | 2049 c787 | 2804 0000 | 0000 0000 | 49c7 8738 | 0400 0000 | 0000 0049 
  0x000001d03ef2d880: c787 3004 | 0000 0000 | 0000 c5f8 | 7749 837f | 0800 0f84 | 0500 0000 | e943 39ff | ff4c 8b6d 
  0x000001d03ef2d8a0: c04c 8b75 | c84e 8d74 | f500 c348 | 8b5d e8e9 | 74f6 ffff | 0f1f 4000 
[/MachCode]

Compiled method (c1) 181003 3533       3       javafx.beans.property.ObjectPropertyBase::set (76 bytes)
 total in heap  [0x000001d037f66008,0x000001d037f66c90] = 3208
 main code      [0x000001d037f66100,0x000001d037f66bb0] = 2736
 stub code      [0x000001d037f66bb0,0x000001d037f66c88] = 216
 oops           [0x000001d037f66c88,0x000001d037f66c90] = 8
 mutable data [0x000001d065e63e60,0x000001d065e63fa0] = 320
 relocation     [0x000001d065e63e60,0x000001d065e63f78] = 280
 metadata       [0x000001d065e63f78,0x000001d065e63fa0] = 40
 immutable data [0x000001d058b481b0,0x000001d058b483f0] = 576
 dependencies   [0x000001d058b481b0,0x000001d058b481c0] = 16
 nul chk table  [0x000001d058b481c0,0x000001d058b481d8] = 24
 scopes pcs     [0x000001d058b481d8,0x000001d058b48328] = 336
 scopes data    [0x000001d058b48328,0x000001d058b483f0] = 200

[Constant Pool (empty)]

[MachCode]
[Instructions begin]
  0x000001d037f66100: 6666 660f | 1f84 0000 | 0000 0066 | 6666 9066 | 6690 448b | 5208 443b 

  0x000001d037f66118: ;   {runtime_call Shared Runtime ic_miss_blob}
  0x000001d037f66118: 5008 0f85 | c089 0007 
[Verified Entry Point]
  0x000001d037f66120: 8984 2400 | 80ff ff55 | 4883 ec60 | 4181 7f20 | 0300 0000 

  0x000001d037f66134: ;   {runtime_call Stub::method_entry_barrier}
  0x000001d037f66134: 7405 e805 | e1fe 0648 | 8954 2440 

  0x000001d037f66140: ;   {metadata(method data for {method} {0x000001d05443b0c8} 'set' '(Ljava/lang/Object;)V' in 'javafx/beans/property/ObjectPropertyBase')}
  0x000001d037f66140: 48be 50f8 | ec54 d001 | 0000 8bbe | 9000 0000 | 83c7 0289 | be90 0000 | 0081 e7fe | 0700 0085 
  0x000001d037f66160: ff0f 840f | 0900 0048 

  0x000001d037f66168: ;   {metadata(method data for {method} {0x000001d05443b0c8} 'set' '(Ljava/lang/Object;)V' in 'javafx/beans/property/ObjectPropertyBase')}
  0x000001d037f66168: 8bf2 48bf | 50f8 ec54 | d001 0000 | 8b76 0841 | ba00 0000 | 3e49 03f2 | 483b b7e0 | 0000 0075 
  0x000001d037f66188: 0d48 8387 | e800 0000 | 01e9 6000 | 0000 483b | b7f0 0000 | 0075 0d48 | 8387 f800 | 0000 01e9 
  0x000001d037f661a8: 4a00 0000 | 4883 bfe0 | 0000 0000 | 7517 4889 | b7e0 0000 | 0048 c787 | e800 0000 | 0100 0000 
  0x000001d037f661c8: e929 0000 | 0048 83bf | f000 0000 | 0075 1748 | 89b7 f000 | 0000 48c7 | 87f8 0000 | 0001 0000 
  0x000001d037f661e8: 00e9 0800 | 0000 4883 | 87d8 0000 

  0x000001d037f661f4: ;   {metadata(method data for {method} {0x000001d05443b1a8} 'isBound' '()Z' in 'javafx/beans/property/ObjectPropertyBase')}
  0x000001d037f661f4: 0001 48be | 0823 cc54 | d001 0000 | 8bbe 9000 | 0000 83c7 | 0289 be90 | 0000 0081 | e7fe ff1f 
  0x000001d037f66214: 0085 ff0f | 847a 0800 | 008b 7214 | 48c1 e603 

  0x000001d037f66224: ;   {metadata(method data for {method} {0x000001d05443b1a8} 'isBound' '()Z' in 'javafx/beans/property/ObjectPropertyBase')}
  0x000001d037f66224: 4885 f648 | be08 23cc | 54d0 0100 | 00bf d800 | 0000 7405 | bfe8 0000 | 0048 8b04 | 3e48 8d40 
  0x000001d037f66244: 0148 8904 | 3e0f 841a 

  0x000001d037f6624c: ;   {metadata(method data for {method} {0x000001d05443b1a8} 'isBound' '()Z' in 'javafx/beans/property/ObjectPropertyBase')}
  0x000001d037f6624c: 0000 0048 | be08 23cc | 54d0 0100 | 00ff 86f8 | 0000 00be | 0100 0000 | e905 0000 | 00be 0000 
  0x000001d037f6626c: 0000 83e6 

  0x000001d037f66270: ;   {metadata(method data for {method} {0x000001d05443b0c8} 'set' '(Ljava/lang/Object;)V' in 'javafx/beans/property/ObjectPropertyBase')}
  0x000001d037f66270: 0185 f648 | be50 f8ec | 54d0 0100 | 00bf 0801 | 0000 7405 | bf18 0100 | 0048 8b04 | 3e48 8d40 
  0x000001d037f66290: 0148 8904 | 3e0f 8411 | 0200 0048 | 8bda 6690 

  0x000001d037f662a0: ;   {other}
  0x000001d037f662a0: e922 0800 | 0000 0000 | 0000 498b | 87c8 0100 | 0048 8d78 | 2849 3bbf | d801 0000 | 0f87 0f08 
  0x000001d037f662c0: 0000 4989 | bfc8 0100 | 0048 c700 | 0100 0000 | 488b ca41 | ba00 0000 | 3e49 2bca | 8948 0848 
  0x000001d037f662e0: 33c9 8948 | 0c48 33c9 | 4889 4810 | 4889 4818 | 4889 4820 | 4889 4424 | 4848 8bd3 

  0x000001d037f662fc: ;   {metadata(method data for {method} {0x000001d05443b0c8} 'set' '(Ljava/lang/Object;)V' in 'javafx/beans/property/ObjectPropertyBase')}
  0x000001d037f662fc: 48be 50f8 | ec54 d001 | 0000 8b52 | 0841 ba00 | 0000 3e49 | 03d2 483b | 9630 0100 | 0075 0d48 
  0x000001d037f6631c: 8386 3801 | 0000 01e9 | 6000 0000 | 483b 9640 | 0100 0075 | 0d48 8386 | 4801 0000 | 01e9 4a00 
  0x000001d037f6633c: 0000 4883 | be30 0100 | 0000 7517 | 4889 9630 | 0100 0048 | c786 3801 | 0000 0100 | 0000 e929 
  0x000001d037f6635c: 0000 0048 | 83be 4001 | 0000 0075 | 1748 8996 | 4001 0000 | 48c7 8648 | 0100 0001 | 0000 00e9 
  0x000001d037f6637c: 0800 0000 | 4883 8628 | 0100 0001 | 488b d366 | 9048 b810 | 1d02 58d0 

  0x000001d037f66394: ;   {virtual_call}
  0x000001d037f66394: 0100 00e8 

  0x000001d037f66398: ; ImmutableOopMap {[64]=Oop [72]=Oop }
                      ;*invokevirtual getBean {reexecute=0 rethrow=0 return_oop=0}
                      ; - javafx.beans.property.ObjectPropertyBase::set@12 (line 142)
  0x000001d037f66398: 448d 0007 

  0x000001d037f6639c: ;   {post_call_nop}
  0x000001d037f6639c: 0f1f 8400 | 9403 0000 

  0x000001d037f663a4: ;   {metadata(method data for {method} {0x000001d05443b0c8} 'set' '(Ljava/lang/Object;)V' in 'javafx/beans/property/ObjectPropertyBase')}
  0x000001d037f663a4: 4885 c048 | ba50 f8ec | 54d0 0100 | 00be 5801 | 0000 7405 | be68 0100 | 0048 8b3c | 3248 8d7f 
  0x000001d037f663c4: 0148 893c | 320f 8415 | 0300 0048 | 8b54 2440 

  0x000001d037f663d4: ;   {metadata(method data for {method} {0x000001d05443b0c8} 'set' '(Ljava/lang/Object;)V' in 'javafx/beans/property/ObjectPropertyBase')}
  0x000001d037f663d4: 48be 50f8 | ec54 d001 | 0000 8b52 | 0841 ba00 | 0000 3e49 | 03d2 483b | 9680 0100 | 0075 0d48 
  0x000001d037f663f4: 8386 8801 | 0000 01e9 | 6000 0000 | 483b 9690 | 0100 0075 | 0d48 8386 | 9801 0000 | 01e9 4a00 
  0x000001d037f66414: 0000 4883 | be80 0100 | 0000 7517 | 4889 9680 | 0100 0048 | c786 8801 | 0000 0100 | 0000 e929 
  0x000001d037f66434: 0000 0048 | 83be 9001 | 0000 0075 | 1748 8996 | 9001 0000 | 48c7 8698 | 0100 0001 | 0000 00e9 
  0x000001d037f66454: 0800 0000 | 4883 8678 | 0100 0001 | 488b 5424 | 4048 b838 | 1d02 58d0 

  0x000001d037f6646c: ;   {virtual_call}
  0x000001d037f6646c: 0100 00e8 

  0x000001d037f66470: ; ImmutableOopMap {[64]=Oop [72]=Oop }
                      ;*invokevirtual getName {reexecute=0 rethrow=0 return_oop=0}
                      ; - javafx.beans.property.ObjectPropertyBase::set@19 (line 142)
  0x000001d037f66470: 6c8c 0007 

  0x000001d037f66474: ;   {post_call_nop}
  0x000001d037f66474: 0f1f 8400 | 6c04 0001 

  0x000001d037f6647c: ;   {metadata(method data for {method} {0x000001d05443b0c8} 'set' '(Ljava/lang/Object;)V' in 'javafx/beans/property/ObjectPropertyBase')}
  0x000001d037f6647c: 4885 c048 | ba50 f8ec | 54d0 0100 | 00be a801 | 0000 7405 | beb8 0100 | 0048 8b3c | 3248 8d7f 
  0x000001d037f6649c: 0148 893c | 320f 843d | 0200 00e9 | 4702 0000 | 8b72 1048 | c1e6 0349 

  0x000001d037f664b4: ;   {metadata(method data for {method} {0x000001d05443b0c8} 'set' '(Ljava/lang/Object;)V' in 'javafx/beans/property/ObjectPropertyBase')}
  0x000001d037f664b4: 3bf0 48be | 50f8 ec54 | d001 0000 | bf20 0300 | 0074 05bf | 3003 0000 | 488b 1c3e | 488d 5b01 
  0x000001d037f664d4: 4889 1c3e | 0f84 f601 | 0000 410f | be77 4885 | f60f 85f3 | 0500 004d | 8bd0 49c1 | ea03 4489 
  0x000001d037f664f4: 5210 488b | f249 33f0 | 48c1 ee16 | 4883 fe00 | 0f85 f305 | 0000 488b 

  0x000001d037f6650c: ;   {metadata(method data for {method} {0x000001d05443b0c8} 'set' '(Ljava/lang/Object;)V' in 'javafx/beans/property/ObjectPropertyBase')}
  0x000001d037f6650c: f248 bf50 | f8ec 54d0 | 0100 0048 | 8387 4003 

  0x000001d037f6651c: ;   {metadata(method data for {method} {0x000001d05443ae78} 'markInvalid' '()V' in 'javafx/beans/property/ObjectPropertyBase')}
  0x000001d037f6651c: 0000 0148 | be48 7c29 | 3f00 0000 | 008b be90 | 0000 0083 | c702 89be | 9000 0000 | 81e7 feff 
  0x000001d037f6653c: 1f00 85ff | 0f84 cf05 | 0000 0fbe | 720c 85f6 

  0x000001d037f6654c: ;   {metadata(method data for {method} {0x000001d05443ae78} 'markInvalid' '()V' in 'javafx/beans/property/ObjectPropertyBase')}
  0x000001d037f6654c: 48be 487c | 293f 0000 | 0000 bfd8 | 0000 0074 | 05bf e800 | 0000 488b | 1c3e 488d | 5b01 4889 
  0x000001d037f6656c: 1c3e 0f84 | 6001 0000 | c642 0c00 

  0x000001d037f66578: ;   {metadata(method data for {method} {0x000001d05443ae78} 'markInvalid' '()V' in 'javafx/beans/property/ObjectPropertyBase')}
  0x000001d037f66578: 488b f248 | bf48 7c29 | 3f00 0000 | 008b 7608 | 41ba 0000 | 003e 4903 | f248 3bb7 | 0001 0000 
  0x000001d037f66598: 750d 4883 | 8708 0100 | 0001 e960 | 0000 0048 | 3bb7 1001 | 0000 750d | 4883 8718 | 0100 0001 
  0x000001d037f665b8: e94a 0000 | 0048 83bf | 0001 0000 | 0075 1748 | 89b7 0001 | 0000 48c7 | 8708 0100 | 0001 0000 
  0x000001d037f665d8: 00e9 2900 | 0000 4883 | bf10 0100 | 0000 7517 | 4889 b710 | 0100 0048 | c787 1801 | 0000 0100 
  0x000001d037f665f8: 0000 e908 | 0000 0048 | 8387 f800 | 0000 0148 | 8bf2 488b | d648 b860 | 1d02 58d0 

  0x000001d037f66614: ;   {virtual_call}
  0x000001d037f66614: 0100 00e8 

  0x000001d037f66618: ; ImmutableOopMap {[64]=Oop }
                      ;*invokevirtual invalidated {reexecute=0 rethrow=0 return_oop=0}
                      ; - javafx.beans.property.ObjectPropertyBase::markInvalid@13 (line 112)
                      ; - javafx.beans.property.ObjectPropertyBase::set@72 (line 147)
  0x000001d037f66618: 54f7 1607 

  0x000001d037f6661c: ;   {post_call_nop}
  0x000001d037f6661c: 0f1f 8400 | 1406 0002 | 488b 5424 

  0x000001d037f66628: ;   {metadata(method data for {method} {0x000001d05443ae78} 'markInvalid' '()V' in 'javafx/beans/property/ObjectPropertyBase')}
  0x000001d037f66628: 4048 be48 | 7c29 3f00 | 0000 008b | 5208 41ba | 0000 003e | 4903 d248 | 3b96 3001 | 0000 750d 
  0x000001d037f66648: 4883 8638 | 0100 0001 | e960 0000 | 0048 3b96 | 4001 0000 | 750d 4883 | 8648 0100 | 0001 e94a 
  0x000001d037f66668: 0000 0048 | 83be 3001 | 0000 0075 | 1748 8996 | 3001 0000 | 48c7 8638 | 0100 0001 | 0000 00e9 
  0x000001d037f66688: 2900 0000 | 4883 be40 | 0100 0000 | 7517 4889 | 9640 0100 | 0048 c786 | 4801 0000 | 0100 0000 
  0x000001d037f666a8: e908 0000 | 0048 8386 | 2801 0000 | 0148 8b54 | 2440 6666 | 9048 b888 | 1d02 58d0 

  0x000001d037f666c4: ;   {virtual_call}
  0x000001d037f666c4: 0100 00e8 

  0x000001d037f666c8: ; ImmutableOopMap {}
                      ;*invokevirtual fireValueChangedEvent {reexecute=0 rethrow=0 return_oop=0}
                      ; - javafx.beans.property.ObjectPropertyBase::markInvalid@17 (line 113)
                      ; - javafx.beans.property.ObjectPropertyBase::set@72 (line 147)
  0x000001d037f666c8: 2494 1207 

  0x000001d037f666cc: ;   {post_call_nop}
  0x000001d037f666cc: 0f1f 8400 | c406 0003 | 4883 c460 

  0x000001d037f666d8: ;   {poll_return}
  0x000001d037f666d8: 5d49 3b67 | 280f 8753 | 0400 00c3 

  0x000001d037f666e4: ;   {oop(""{0x00000007ffc044c8})}
  0x000001d037f666e4: 48be c844 | c0ff 0700 | 0000 e90c | 0300 0048 | 8b54 2440 

  0x000001d037f666f8: ;   {metadata(method data for {method} {0x000001d05443b0c8} 'set' '(Ljava/lang/Object;)V' in 'javafx/beans/property/ObjectPropertyBase')}
  0x000001d037f666f8: 488b f248 | bf50 f8ec | 54d0 0100 | 008b 7608 | 41ba 0000 | 003e 4903 | f248 3bb7 | d001 0000 
  0x000001d037f66718: 750d 4883 | 87d8 0100 | 0001 e960 | 0000 0048 | 3bb7 e001 | 0000 750d | 4883 87e8 | 0100 0001 
  0x000001d037f66738: e94a 0000 | 0048 83bf | d001 0000 | 0075 1748 | 89b7 d001 | 0000 48c7 | 87d8 0100 | 0001 0000 
  0x000001d037f66758: 00e9 2900 | 0000 4883 | bfe0 0100 | 0000 7517 | 4889 b7e0 | 0100 0048 | c787 e801 | 0000 0100 
  0x000001d037f66778: 0000 e908 | 0000 0048 | 8387 c801 | 0000 0148 | 8bf2 488b | d648 b8b0 | 1d02 58d0 

  0x000001d037f66794: ;   {virtual_call}
  0x000001d037f66794: 0100 00e8 

  0x000001d037f66798: ; ImmutableOopMap {[64]=Oop [72]=Oop }
                      ;*invokevirtual getBean {reexecute=0 rethrow=0 return_oop=0}
                      ; - javafx.beans.property.ObjectPropertyBase::set@26 (line 143)
  0x000001d037f66798: 4489 0007 

  0x000001d037f6679c: ;   {post_call_nop}
  0x000001d037f6679c: 0f1f 8400 | 9407 0004 

  0x000001d037f667a4: ; implicit exception: dispatches to 0x000001d037f66b4c
  0x000001d037f667a4: 483b 0048 

  0x000001d037f667a8: ;   {metadata(method data for {method} {0x000001d05443b0c8} 'set' '(Ljava/lang/Object;)V' in 'javafx/beans/property/ObjectPropertyBase')}
  0x000001d037f667a8: 8bd0 48be | 50f8 ec54 | d001 0000 | 8b52 0841 | ba00 0000 | 3e49 03d2 | 483b 9600 | 0200 0075 
  0x000001d037f667c8: 0d48 8386 | 0802 0000 | 01e9 6000 | 0000 483b | 9610 0200 | 0075 0d48 | 8386 1802 | 0000 01e9 
  0x000001d037f667e8: 4a00 0000 | 4883 be00 | 0200 0000 | 7517 4889 | 9600 0200 | 0048 c786 | 0802 0000 | 0100 0000 
  0x000001d037f66808: e929 0000 | 0048 83be | 1002 0000 | 0075 1748 | 8996 1002 | 0000 48c7 | 8618 0200 | 0001 0000 
  0x000001d037f66828: 00e9 0800 | 0000 4883 | 86f8 0100 | 0001 8b50 | 0841 ba00 | 0000 3e49 | 03d2 488b | 5270 488b 
  0x000001d037f66848: 1248 3b02 

  0x000001d037f6684c: ;   {metadata(method data for {method} {0x000001d05443b0c8} 'set' '(Ljava/lang/Object;)V' in 'javafx/beans/property/ObjectPropertyBase')}
  0x000001d037f6684c: 488b f248 | bf50 f8ec | 54d0 0100 | 008b 7608 | 41ba 0000 | 003e 4903 | f248 3bb7 | 3002 0000 
  0x000001d037f6686c: 750d 4883 | 8738 0200 | 0001 e960 | 0000 0048 | 3bb7 4002 | 0000 750d | 4883 8748 | 0200 0001 
  0x000001d037f6688c: e94a 0000 | 0048 83bf | 3002 0000 | 0075 1748 | 89b7 3002 | 0000 48c7 | 8738 0200 | 0001 0000 
  0x000001d037f668ac: 00e9 2900 | 0000 4883 | bf40 0200 | 0000 7517 | 4889 b740 | 0200 0048 | c787 4802 | 0000 0100 
  0x000001d037f668cc: 0000 e908 | 0000 0048 | 8387 2802 | 0000 010f 

  0x000001d037f668dc: ;   {optimized virtual_call}
  0x000001d037f668dc: 1f40 00e8 

  0x000001d037f668e0: ; ImmutableOopMap {[64]=Oop [72]=Oop }
                      ;*invokevirtual getSimpleName {reexecute=0 rethrow=0 return_oop=0}
                      ; - javafx.beans.property.ObjectPropertyBase::set@32 (line 143)
  0x000001d037f668e0: fc84 0007 

  0x000001d037f668e4: ;   {post_call_nop}
  0x000001d037f668e4: 0f1f 8400 | dc08 0005 | 488b 5424 

  0x000001d037f668f0: ;   {metadata(method data for {method} {0x000001d05443b0c8} 'set' '(Ljava/lang/Object;)V' in 'javafx/beans/property/ObjectPropertyBase')}
  0x000001d037f668f0: 4048 be50 | f8ec 54d0 | 0100 008b | 5208 41ba | 0000 003e | 4903 d248 | 3b96 6002 | 0000 750d 
  0x000001d037f66910: 4883 8668 | 0200 0001 | e960 0000 | 0048 3b96 | 7002 0000 | 750d 4883 | 8678 0200 | 0001 e94a 
  0x000001d037f66930: 0000 0048 | 83be 6002 | 0000 0075 | 1748 8996 | 6002 0000 | 48c7 8668 | 0200 0001 | 0000 00e9 
  0x000001d037f66950: 2900 0000 | 4883 be70 | 0200 0000 | 7517 4889 | 9670 0200 | 0048 c786 | 7802 0000 | 0100 0000 
  0x000001d037f66970: e908 0000 | 0048 8386 | 5802 0000 | 0148 8b54 | 2440 4889 | 4424 5066 | 0f1f 4400 | 0048 b8d8 
  0x000001d037f66990: 1d02 58d0 

  0x000001d037f66994: ;   {virtual_call}
  0x000001d037f66994: 0100 00e8 

  0x000001d037f66998: ; ImmutableOopMap {[72]=Oop [80]=Oop }
                      ;*invokevirtual getName {reexecute=0 rethrow=0 return_oop=0}
                      ; - javafx.beans.property.ObjectPropertyBase::set@36 (line 143)
  0x000001d037f66998: 4487 0007 

  0x000001d037f6699c: ;   {post_call_nop}
  0x000001d037f6699c: 0f1f 8400 | 9409 0006 | 0f1f 4000 

  0x000001d037f669a8: ;   {other}
  0x000001d037f669a8: e9b8 0100 | 0090 9090 | 9090 488b | 5424 504c | 8bc0 0f1f 

  0x000001d037f669bc: ;   {static_call}
  0x000001d037f669bc: 4400 00e8 

  0x000001d037f669c0: ; ImmutableOopMap {[72]=Oop }
                      ;*invokedynamic {reexecute=0 rethrow=0 return_oop=0}
                      ; - javafx.beans.property.ObjectPropertyBase::set@39 (line 143)
  0x000001d037f669c0: 1c8a 0007 

  0x000001d037f669c4: ;   {post_call_nop}
  0x000001d037f669c4: 0f1f 8400 | bc09 0007 

  0x000001d037f669cc: ;   {metadata(method data for {method} {0x000001d05443b0c8} 'set' '(Ljava/lang/Object;)V' in 'javafx/beans/property/ObjectPropertyBase')}
  0x000001d037f669cc: 48ba 50f8 | ec54 d001 | 0000 488d | 92b8 0200 | 0048 85c0 | 750a f602 | 0175 05f0 | 4883 0a01 
  0x000001d037f669ec: ;   {metadata(method data for {method} {0x000001d05443b0c8} 'set' '(Ljava/lang/Object;)V' in 'javafx/beans/property/ObjectPropertyBase')}
  0x000001d037f669ec: 48ba 50f8 | ec54 d001 | 0000 ff82 | c802 0000 | 488b f090 

  0x000001d037f66a00: ;   {other}
  0x000001d037f66a00: e979 0100 | 0090 9090 | 9090 488b 

  0x000001d037f66a0c: ;   {static_call}
  0x000001d037f66a0c: d666 90e8 

  0x000001d037f66a10: ; ImmutableOopMap {[72]=Oop }
                      ;*invokedynamic {reexecute=0 rethrow=0 return_oop=0}
                      ; - javafx.beans.property.ObjectPropertyBase::set@49 (line 143)
  0x000001d037f66a10: cc89 0007 

  0x000001d037f66a14: ;   {post_call_nop}
  0x000001d037f66a14: 0f1f 8400 | 0c0a 0008 

  0x000001d037f66a1c: ;   {metadata(method data for {method} {0x000001d05443b0c8} 'set' '(Ljava/lang/Object;)V' in 'javafx/beans/property/ObjectPropertyBase')}
  0x000001d037f66a1c: 49b8 50f8 | ec54 d001 | 0000 4d8d | 8000 0300 | 0048 85c0 | 750b 41f6 | 0001 7505 | f049 8308 
  0x000001d037f66a3c: 014c 8b44 

  0x000001d037f66a40: ;   {metadata(method data for {method} {0x000001d05443b0c8} 'set' '(Ljava/lang/Object;)V' in 'javafx/beans/property/ObjectPropertyBase')}
  0x000001d037f66a40: 2448 48ba | 50f8 ec54 | d001 0000 | 4883 8210 | 0300 0001 | 4c8b c048 | 8b54 2448 

  0x000001d037f66a5c: ;   {optimized virtual_call}
  0x000001d037f66a5c: 6666 90e8 

  0x000001d037f66a60: ; ImmutableOopMap {[72]=Oop }
                      ;*invokespecial <init> {reexecute=0 rethrow=0 return_oop=0}
                      ; - javafx.beans.property.ObjectPropertyBase::set@54 (line 143)
  0x000001d037f66a60: 7c83 0007 

  0x000001d037f66a64: ;   {post_call_nop}
  0x000001d037f66a64: 0f1f 8400 | 5c0a 0009 | 488b 4424 | 48e9 2f01 

  0x000001d037f66a74: ;   {metadata({method} {0x000001d05443b0c8} 'set' '(Ljava/lang/Object;)V' in 'javafx/beans/property/ObjectPropertyBase')}
  0x000001d037f66a74: 0000 49ba | c0b0 4354 | d001 0000 | 4c89 5424 | 0848 c704 | 24ff ffff 

  0x000001d037f66a8c: ;   {runtime_call C1 Runtime counter_overflow_blob}
  0x000001d037f66a8c: ffe8 4e62 

  0x000001d037f66a90: ; ImmutableOopMap {rdx=Oop r8=Oop [64]=Oop }
                      ;*synchronization entry
                      ; - javafx.beans.property.ObjectPropertyBase::set@-1 (line 141)
  0x000001d037f66a90: 0d07 e9d0 

  0x000001d037f66a94: ;   {metadata({method} {0x000001d05443b1a8} 'isBound' '()Z' in 'javafx/beans/property/ObjectPropertyBase')}
  0x000001d037f66a94: f6ff ff49 | baa0 b143 | 54d0 0100 | 004c 8954 | 2408 48c7 | 0424 ffff 

  0x000001d037f66aac: ;   {runtime_call C1 Runtime counter_overflow_blob}
  0x000001d037f66aac: ffff e82d 

  0x000001d037f66ab0: ; ImmutableOopMap {rdx=Oop r8=Oop [64]=Oop }
                      ;*synchronization entry
                      ; - javafx.beans.property.ObjectPropertyBase::isBound@-1 (line 156)
                      ; - javafx.beans.property.ObjectPropertyBase::set@1 (line 141)
  0x000001d037f66ab0: 620d 07e9 | 65f7 ffff 

  0x000001d037f66ab8: ;   {metadata(nullptr)}
  0x000001d037f66ab8: 48ba 0000 | 0000 0000 | 0000 b800 

  0x000001d037f66ac4: ;   {runtime_call C1 Runtime load_klass_patching_blob}
  0x000001d037f66ac4: 0f05 0ae8 

  0x000001d037f66ac8: ; ImmutableOopMap {rbx=Oop [64]=Oop }
                      ;*new {reexecute=1 rethrow=0 return_oop=0}
                      ; - (reexecute) javafx.beans.property.ObjectPropertyBase::set@7 (line 142)
  0x000001d037f66ac8: 144a 0d07 | e9cf f7ff | ff48 8bd2 

  0x000001d037f66ad4: ;   {runtime_call C1 Runtime fast_new_instance_blob}
  0x000001d037f66ad4: e807 080d 

  0x000001d037f66ad8: ; ImmutableOopMap {rbx=Oop [64]=Oop }
                      ;*new {reexecute=0 rethrow=0 return_oop=0}
                      ; - javafx.beans.property.ObjectPropertyBase::set@7 (line 142)
  0x000001d037f66ad8: 07e9 16f8 | ffff 8b72 | 1048 c1e6 | 0348 83fe | 000f 84fc | f9ff ff48 

  0x000001d037f66af0: ;   {runtime_call g1_pre_barrier_slow}
  0x000001d037f66af0: 8934 24e8 | e867 0d07 | e9ee f9ff | ff49 83f8 | 000f 8403 | faff ff48 

  0x000001d037f66b08: ;   {runtime_call g1_post_barrier_slow}
  0x000001d037f66b08: 8914 24e8 | d06a 0d07 | e9f5 f9ff 

  0x000001d037f66b14: ;   {metadata({method} {0x000001d05443ae78} 'markInvalid' '()V' in 'javafx/beans/property/ObjectPropertyBase')}
  0x000001d037f66b14: ff49 ba70 | ae43 54d0 | 0100 004c | 8954 2408 | 48c7 0424 | ffff ffff 

  0x000001d037f66b2c: ;   {runtime_call C1 Runtime counter_overflow_blob}
  0x000001d037f66b2c: e8af 610d 

  0x000001d037f66b30: ; ImmutableOopMap {rdx=Oop [64]=Oop }
                      ;*synchronization entry
                      ; - javafx.beans.property.ObjectPropertyBase::markInvalid@-1 (line 110)
                      ; - javafx.beans.property.ObjectPropertyBase::set@72 (line 147)
  0x000001d037f66b30: 07e9 10fa 

  0x000001d037f66b34: ;   {internal_word}
  0x000001d037f66b34: ffff 49ba | d966 f637 | d001 0000 | 4d89 97e0 

  0x000001d037f66b44: ;   {runtime_call SafepointBlob}
  0x000001d037f66b44: 0400 00e9 | 14a4 0007 

  0x000001d037f66b4c: ;   {runtime_call C1 Runtime throw_null_pointer_exception_blob}
  0x000001d037f66b4c: e88f fe0c 

  0x000001d037f66b50: ; ImmutableOopMap {rax=Oop [64]=Oop [72]=Oop }
                      ;*invokevirtual getClass {reexecute=0 rethrow=0 return_oop=0}
                      ; - javafx.beans.property.ObjectPropertyBase::set@29 (line 143)
                      ;   {runtime_call C1 Runtime throw_null_pointer_exception_blob}
  0x000001d037f66b50: 07e8 8afe 

  0x000001d037f66b54: ; ImmutableOopMap {rdx=Oop [64]=Oop [72]=Oop }
                      ;*invokevirtual getSimpleName {reexecute=0 rethrow=0 return_oop=0}
                      ; - javafx.beans.property.ObjectPropertyBase::set@32 (line 143)
  0x000001d037f66b54: 0c07 49b9 | 0000 0000 | 0000 0000 | b800 0f05 

  0x000001d037f66b64: ;   {runtime_call C1 Runtime load_appendix_patching_blob}
  0x000001d037f66b64: 0ae8 7652 

  0x000001d037f66b68: ; ImmutableOopMap {rax=Oop [72]=Oop [80]=Oop }
                      ;*invokedynamic {reexecute=1 rethrow=0 return_oop=0}
                      ; - (reexecute) javafx.beans.property.ObjectPropertyBase::set@39 (line 143)
  0x000001d037f66b68: 0d07 e939 | feff ff49 | b800 0000 | 0000 0000 | 00b8 000f 

  0x000001d037f66b7c: ;   {runtime_call C1 Runtime load_appendix_patching_blob}
  0x000001d037f66b7c: 050a e85d 

  0x000001d037f66b80: ; ImmutableOopMap {rsi=Oop [72]=Oop }
                      ;*invokedynamic {reexecute=1 rethrow=0 return_oop=0}
                      ; - (reexecute) javafx.beans.property.ObjectPropertyBase::set@49 (line 143)
  0x000001d037f66b80: 520d 07e9 | 78fe ffff | 498b 8788 | 0500 0049 | c787 8805 | 0000 0000 | 0000 49c7 | 8790 0500 
  0x000001d037f66ba0: 0000 0000 | 0048 83c4 

  0x000001d037f66ba8: ;   {runtime_call C1 Runtime unwind_exception_blob}
  0x000001d037f66ba8: 605d e931 | ef0c 07f4 
[Stub Code]
  0x000001d037f66bb0: ;   {other}
  0x000001d037f66bb0: 0f1f 4400 

  0x000001d037f66bb4: ;   {static_stub}
  0x000001d037f66bb4: 0048 bb00 | 0000 0000 

  0x000001d037f66bbc: ;   {runtime_call nmethod}
  0x000001d037f66bbc: 0000 00e9 | fbff ffff 

  0x000001d037f66bc4: ;   {static_stub}
  0x000001d037f66bc4: 9048 bb00 | 0000 0000 

  0x000001d037f66bcc: ;   {runtime_call nmethod}
  0x000001d037f66bcc: 0000 00e9 | fbff ffff 

  0x000001d037f66bd4: ;   {static_stub}
  0x000001d037f66bd4: 9048 bb00 | 0000 0000 

  0x000001d037f66bdc: ;   {runtime_call nmethod}
  0x000001d037f66bdc: 0000 00e9 | fbff ffff 

  0x000001d037f66be4: ;   {static_stub}
  0x000001d037f66be4: 9048 bb00 | 0000 0000 

  0x000001d037f66bec: ;   {runtime_call nmethod}
  0x000001d037f66bec: 0000 00e9 | fbff ffff 

  0x000001d037f66bf4: ;   {static_stub}
  0x000001d037f66bf4: 9048 bb00 | 0000 0000 

  0x000001d037f66bfc: ;   {runtime_call nmethod}
  0x000001d037f66bfc: 0000 00e9 | fbff ffff 

  0x000001d037f66c04: ;   {static_stub}
  0x000001d037f66c04: 9048 bb00 | 0000 0000 

  0x000001d037f66c0c: ;   {runtime_call nmethod}
  0x000001d037f66c0c: 0000 00e9 | fbff ffff 

  0x000001d037f66c14: ;   {static_stub}
  0x000001d037f66c14: 9048 bb00 | 0000 0000 

  0x000001d037f66c1c: ;   {runtime_call nmethod}
  0x000001d037f66c1c: 0000 00e9 | fbff ffff 

  0x000001d037f66c24: ;   {static_stub}
  0x000001d037f66c24: 9048 bb00 | 0000 0000 

  0x000001d037f66c2c: ;   {runtime_call nmethod}
  0x000001d037f66c2c: 0000 00e9 | fbff ffff 

  0x000001d037f66c34: ;   {static_stub}
  0x000001d037f66c34: 48bb 0000 | 0000 0000 

  0x000001d037f66c3c: ;   {runtime_call nmethod}
  0x000001d037f66c3c: 0000 e9fb 

  0x000001d037f66c40: ;   {static_stub}
  0x000001d037f66c40: ffff ff48 | bb00 0000 | 0000 0000 

  0x000001d037f66c4c: ;   {runtime_call nmethod}
  0x000001d037f66c4c: 00e9 fbff 

  0x000001d037f66c50: ;   {runtime_call C1 Runtime handle_exception_from_callee_blob}
  0x000001d037f66c50: ffff e889 

  0x000001d037f66c54: ;   {external_word}
  0x000001d037f66c54: 1b0d 0748 | b968 082b | 74fd 7f00 | 0048 83e4 

  0x000001d037f66c64: ;   {runtime_call}
  0x000001d037f66c64: f048 b800 | 91ee 73fd | 7f00 00ff 

  0x000001d037f66c70: ;   {section_word}
  0x000001d037f66c70: d0f4 49ba | 726c f637 | d001 0000 

  0x000001d037f66c7c: ;   {runtime_call DeoptimizationBlob}
  0x000001d037f66c7c: 4152 e9dd | a500 07f4 | f4f4 f4f4 
[/MachCode]


Compiled method (c1) 181035 4070   !   3       com.sun.scenario.animation.shared.SingleLoopClipEnvelope::timePulse (153 bytes)
 total in heap  [0x000001d038083888,0x000001d038084450] = 3016
 main code      [0x000001d038083980,0x000001d0380843b0] = 2608
 stub code      [0x000001d0380843b0,0x000001d038084448] = 152
 oops           [0x000001d038084448,0x000001d038084450] = 8
 mutable data [0x000001d0588e41d0,0x000001d0588e4320] = 336
 relocation     [0x000001d0588e41d0,0x000001d0588e42c8] = 248
 metadata       [0x000001d0588e42c8,0x000001d0588e4320] = 88
 immutable data [0x000001d05f3684b0,0x000001d05f368828] = 888
 dependencies   [0x000001d05f3684b0,0x000001d05f3684d0] = 32
 nul chk table  [0x000001d05f3684d0,0x000001d05f3684f8] = 40
 handler table  [0x000001d05f3684f8,0x000001d05f368618] = 288
 scopes pcs     [0x000001d05f368618,0x000001d05f368748] = 304
 scopes data    [0x000001d05f368748,0x000001d05f368828] = 224

[Constant Pool (empty)]

[MachCode]
[Instructions begin]
  0x000001d038083980: 6666 660f | 1f84 0000 | 0000 0066 | 6666 9066 | 6690 448b | 5208 443b 

  0x000001d038083998: ;   {runtime_call Shared Runtime ic_miss_blob}
  0x000001d038083998: 5008 0f85 | 40b1 ee06 
[Verified Entry Point]
  0x000001d0380839a0: 8984 2400 | 80ff ff55 | 4881 ec90 | 0000 0090 | 4181 7f20 | 0300 0000 

  0x000001d0380839b8: ;   {runtime_call Stub::method_entry_barrier}
  0x000001d0380839b8: 7405 e881 | 08ed 0648 | 8954 2478 

  0x000001d0380839c4: ;   {metadata(method data for {method} {0x000001d054dba630} 'timePulse' '(J)V' in 'com/sun/scenario/animation/shared/SingleLoopClipEnvelope')}
  0x000001d0380839c4: 48be f831 | 1055 d001 | 0000 8bbe | 9000 0000 | 83c7 0289 | be90 0000 | 0081 e7fe | 0700 0085 
  0x000001d0380839e4: ff0f 84a9 | 0800 0048 | 8b72 18bf | 0000 0000 

  0x000001d0380839f4: ;   {metadata(method data for {method} {0x000001d054dba630} 'timePulse' '(J)V' in 'com/sun/scenario/animation/shared/SingleLoopClipEnvelope')}
  0x000001d0380839f4: 483b f748 | bef8 3110 | 55d0 0100 | 00bf e800 | 0000 7405 | bfd8 0000 | 0048 8b1c | 3e48 8d5b 
  0x000001d038083a14: 0148 891c | 3e0f 8439 | 0800 00c6 | 420d 00c6 | 420c 01c5 | fb10 4230 

  0x000001d038083a2c: ;   {metadata(method data for {method} {0x000001d054dba630} 'timePulse' '(J)V' in 'com/sun/scenario/animation/shared/SingleLoopClipEnvelope')}
  0x000001d038083a2c: 48be f831 | 1055 d001 | 0000 4883 | 86f8 0000 | 0001 c4c1 | f32a c8c5 | f359 c8c5 | f928 c10f 
  0x000001d038083a4c: ;   {static_call}
  0x000001d038083a4c: 1f40 00e8 

  0x000001d038083a50: ; ImmutableOopMap {[120]=Oop }
                      ;*invokestatic round {reexecute=0 rethrow=0 return_oop=0}
                      ; - com.sun.scenario.animation.shared.SingleLoopClipEnvelope::timePulse@27 (line 101)
  0x000001d038083a50: 2c47 5607 

  0x000001d038083a54: ;   {post_call_nop}
  0x000001d038083a54: 0f1f 8400 | cc01 0000 | 488b 5424 | 7848 8b72 | 2048 03f0 | 488b 7a18 

  0x000001d038083a6c: ;   {metadata(method data for {method} {0x000001d054dba630} 'timePulse' '(J)V' in 'com/sun/scenario/animation/shared/SingleLoopClipEnvelope')}
  0x000001d038083a6c: 48bb f831 | 1055 d001 | 0000 4883 | 8308 0100 

  0x000001d038083a7c: ;   {metadata(method data for {method} {0x000001d05440f598} 'clamp' '(JJJ)J' in 'com/sun/javafx/util/Utils')}
  0x000001d038083a7c: 0001 48bb | f82d 1055 | d001 0000 | 8b83 9000 | 0000 83c0 | 0289 8390 | 0000 0025 | feff 1f00 
  0x000001d038083a9c: 85c0 0f84 | 1108 0000 | bb00 0000 | 0048 8bc6 

  0x000001d038083aac: ;   {metadata(method data for {method} {0x000001d05440f598} 'clamp' '(JJJ)J' in 'com/sun/javafx/util/Utils')}
  0x000001d038083aac: 483b c348 | bbf8 2d10 | 55d0 0100 | 00b8 d800 | 0000 7d05 | b8e8 0000 | 0048 8b0c | 0348 8d49 
  0x000001d038083acc: 0148 890c | 030f 8d0a | 0000 00bf | 0000 0000 | e931 0000 | 0048 8bdf 

  0x000001d038083ae4: ;   {metadata(method data for {method} {0x000001d05440f598} 'clamp' '(JJJ)J' in 'com/sun/javafx/util/Utils')}
  0x000001d038083ae4: 483b de48 | bbf8 2d10 | 55d0 0100 | 00b8 0801 | 0000 7c05 | b8f8 0000 | 0048 8b0c | 0348 8d49 
  0x000001d038083b04: 0148 890c | 030f 8c03 | 0000 0048 | 8bfe 4889 

  0x000001d038083b14: ;   {metadata(method data for {method} {0x000001d054dba630} 'timePulse' '(J)V' in 'com/sun/scenario/animation/shared/SingleLoopClipEnvelope')}
  0x000001d038083b14: 7a28 48be | f831 1055 | d001 0000 | 4883 8618 | 0100 0001 | 0f1f 8000 

  0x000001d038083b2c: ;   {static_call}
  0x000001d038083b2c: 0000 00e8 

  0x000001d038083b30: ; ImmutableOopMap {[120]=Oop }
                      ;*invokestatic getDefault {reexecute=0 rethrow=0 return_oop=0}
                      ; - com.sun.scenario.animation.shared.SingleLoopClipEnvelope::timePulse@49 (line 103)
  0x000001d038083b30: ccc1 feff 

  0x000001d038083b34: ;   {post_call_nop}
  0x000001d038083b34: 0f1f 8400 | ac02 0001 | 488b 5424 | 7844 8b42 | 3849 c1e0 | 034c 8b4a | 2848 8b7a | 1848 3b00 
  0x000001d038083b54: ;   {metadata(method data for {method} {0x000001d054dba630} 'timePulse' '(J)V' in 'com/sun/scenario/animation/shared/SingleLoopClipEnvelope')}
  0x000001d038083b54: 488b f048 | bbf8 3110 | 55d0 0100 

  0x000001d038083b60: ;   {metadata('javafx/animation/AnimationAccessorImpl')}
  0x000001d038083b60: 0049 ba48 | 4026 3f00 | 0000 004c | 8993 3001 | 0000 4883 | 8338 0100 | 0001 488b 

  0x000001d038083b7c: ;   {optimized virtual_call}
  0x000001d038083b7c: d066 90e8 

  0x000001d038083b80: ; ImmutableOopMap {[120]=Oop }
                      ;*invokevirtual playTo {reexecute=0 rethrow=0 return_oop=0}
                      ; - com.sun.scenario.animation.shared.SingleLoopClipEnvelope::timePulse@64 (line 103)
  0x000001d038083b80: 1cf2 ffff 

  0x000001d038083b84: ;   {post_call_nop}
  0x000001d038083b84: 0f1f 8400 | fc02 0002 | 488b 5424 | 78c5 fb10 | 4230 c5f1 | 57c9 c5f9 | 2ec1 beff | ffff ff0f 
  0x000001d038083ba4: 8a14 0000 | 000f 820e | 0000 00be | 0000 0000 | 0f84 0300 | 0000 48ff 

  0x000001d038083bbc: ;   {metadata(method data for {method} {0x000001d054dba630} 'timePulse' '(J)V' in 'com/sun/scenario/animation/shared/SingleLoopClipEnvelope')}
  0x000001d038083bbc: c685 f648 | bef8 3110 | 55d0 0100 | 00bf 5801 | 0000 7e05 | bf68 0100 | 0048 8b1c | 3e48 8d5b 
  0x000001d038083bdc: 0148 891c | 3e0f 8e67 | 0000 0048 | 8b72 2848 | 8b7a 1848 

  0x000001d038083bf0: ;   {metadata(method data for {method} {0x000001d054dba630} 'timePulse' '(J)V' in 'com/sun/scenario/animation/shared/SingleLoopClipEnvelope')}
  0x000001d038083bf0: 3bf7 48be | f831 1055 | d001 0000 | bf78 0100 | 0075 05bf | 8801 0000 | 488b 1c3e | 488d 5b01 
  0x000001d038083c10: 4889 1c3e | 0f85 1a00 

  0x000001d038083c18: ;   {metadata(method data for {method} {0x000001d054dba630} 'timePulse' '(J)V' in 'com/sun/scenario/animation/shared/SingleLoopClipEnvelope')}
  0x000001d038083c18: 0000 48be | f831 1055 | d001 0000 | ff86 9801 | 0000 be01 | 0000 00e9 | 6900 0000 

  0x000001d038083c34: ;   {metadata(method data for {method} {0x000001d054dba630} 'timePulse' '(J)V' in 'com/sun/scenario/animation/shared/SingleLoopClipEnvelope')}
  0x000001d038083c34: 48be f831 | 1055 d001 | 0000 ff86 | b001 0000 | be00 0000 | 00e9 4f00 | 0000 488b | 7228 4883 
  0x000001d038083c54: ;   {metadata(method data for {method} {0x000001d054dba630} 'timePulse' '(J)V' in 'com/sun/scenario/animation/shared/SingleLoopClipEnvelope')}
  0x000001d038083c54: fe00 48be | f831 1055 | d001 0000 | bfc8 0100 | 0075 05bf | d801 0000 | 488b 1c3e | 488d 5b01 
  0x000001d038083c74: 4889 1c3e | 0f85 1a00 

  0x000001d038083c7c: ;   {metadata(method data for {method} {0x000001d054dba630} 'timePulse' '(J)V' in 'com/sun/scenario/animation/shared/SingleLoopClipEnvelope')}
  0x000001d038083c7c: 0000 48be | f831 1055 | d001 0000 | ff86 e801 | 0000 be01 | 0000 00e9 | 0500 0000 | be00 0000 
  0x000001d038083c9c: ;   {metadata(method data for {method} {0x000001d054dba630} 'timePulse' '(J)V' in 'com/sun/scenario/animation/shared/SingleLoopClipEnvelope')}
  0x000001d038083c9c: 0085 f648 | bef8 3110 | 55d0 0100 | 00bf 0002 | 0000 7405 | bf10 0200 | 0048 8b1c | 3e48 8d5b 
  0x000001d038083cbc: 0148 891c | 3e0f 846a | 0500 000f | be72 0d85 

  0x000001d038083ccc: ;   {metadata(method data for {method} {0x000001d054dba630} 'timePulse' '(J)V' in 'com/sun/scenario/animation/shared/SingleLoopClipEnvelope')}
  0x000001d038083ccc: f648 bef8 | 3110 55d0 | 0100 00bf | 2002 0000 | 7505 bf30 | 0200 0048 | 8b1c 3e48 | 8d5b 0148 
  0x000001d038083cec: 891c 3e0f | 853c 0500 

  0x000001d038083cf4: ;   {metadata(method data for {method} {0x000001d054dba630} 'timePulse' '(J)V' in 'com/sun/scenario/animation/shared/SingleLoopClipEnvelope')}
  0x000001d038083cf4: 0048 bef8 | 3110 55d0 | 0100 0048 | 8386 4002 

  0x000001d038083d04: ;   {static_call}
  0x000001d038083d04: 0000 01e8 

  0x000001d038083d08: ; ImmutableOopMap {[120]=Oop }
                      ;*invokestatic getDefault {reexecute=0 rethrow=0 return_oop=0}
                      ; - com.sun.scenario.animation.shared.SingleLoopClipEnvelope::timePulse@124 (line 107)
  0x000001d038083d08: f4bf feff 

  0x000001d038083d0c: ;   {post_call_nop}
  0x000001d038083d0c: 0f1f 8400 | 8404 0003 | 488b 5424 | 788b 7238 | 48c1 e603 | 4889 b424 | 8000 0000 

  0x000001d038083d28: ; implicit exception: dispatches to 0x000001d0380842db
                      ;   {metadata(method data for {method} {0x000001d054dba630} 'timePulse' '(J)V' in 'com/sun/scenario/animation/shared/SingleLoopClipEnvelope')}
  0x000001d038083d28: 483b 0048 | bff8 3110 | 55d0 0100 

  0x000001d038083d34: ;   {metadata('javafx/animation/AnimationAccessorImpl')}
  0x000001d038083d34: 0049 ba48 | 4026 3f00 | 0000 004c | 8997 5802 | 0000 4883 | 8760 0200 

  0x000001d038083d4c: ;   {metadata(method data for {method} {0x000001d054db2bf8} 'finished' '(Ljavafx/animation/Animation;)V' in 'javafx/animation/AnimationAccessorImpl')}
  0x000001d038083d4c: 0001 48bf | 1835 1055 | d001 0000 | 8b9f 9000 | 0000 83c3 | 0289 9f90 | 0000 0081 | e3fe ff1f 
  0x000001d038083d6c: 0085 db0f | 846b 0500 | 0048 3b06 

  0x000001d038083d78: ;   {metadata(method data for {method} {0x000001d054db2bf8} 'finished' '(Ljavafx/animation/Animation;)V' in 'javafx/animation/AnimationAccessorImpl')}
  0x000001d038083d78: 488b fe48 | bb18 3510 | 55d0 0100 | 008b 7f08 | 41ba 0000 | 003e 4903 | fa48 3bbb | e000 0000 
  0x000001d038083d98: 750d 4883 | 83e8 0000 | 0001 e960 | 0000 0048 | 3bbb f000 | 0000 750d | 4883 83f8 | 0000 0001 
  0x000001d038083db8: e94a 0000 | 0048 83bb | e000 0000 | 0075 1748 | 89bb e000 | 0000 48c7 | 83e8 0000 | 0001 0000 
  0x000001d038083dd8: 00e9 2900 | 0000 4883 | bbf0 0000 | 0000 7517 | 4889 bbf0 | 0000 0048 | c783 f800 | 0000 0100 
  0x000001d038083df8: 0000 e908 | 0000 0048 | 8383 d800 

  0x000001d038083e04: ;   {metadata(method data for {method} {0x000001d054db0d78} 'finished' '()V' in 'javafx/animation/Animation')}
  0x000001d038083e04: 0000 0148 | bf68 3610 | 55d0 0100 | 008b 9f90 | 0000 0083 | c302 899f | 9000 0000 | 81e3 feff 
  0x000001d038083e24: 1f00 85db | 0f84 d804 | 0000 c646 | 4101 488b 

  0x000001d038083e34: ;   {metadata(method data for {method} {0x000001d054db0d78} 'finished' '()V' in 'javafx/animation/Animation')}
  0x000001d038083e34: fe48 bb68 | 3610 55d0 | 0100 008b | 7f08 41ba | 0000 003e | 4903 fa48 | 3bbb e000 | 0000 750d 
  0x000001d038083e54: 4883 83e8 | 0000 0001 | e960 0000 | 0048 3bbb | f000 0000 | 750d 4883 | 83f8 0000 | 0001 e94a 
  0x000001d038083e74: 0000 0048 | 83bb e000 | 0000 0075 | 1748 89bb | e000 0000 | 48c7 83e8 | 0000 0001 | 0000 00e9 
  0x000001d038083e94: 2900 0000 | 4883 bbf0 | 0000 0000 | 7517 4889 | bbf0 0000 | 0048 c783 | f800 0000 | 0100 0000 
  0x000001d038083eb4: e908 0000 | 0048 8383 | d800 0000 | 0148 8bd6 | 9048 b8c0 | e714 5fd0 

  0x000001d038083ecc: ;   {virtual_call}
  0x000001d038083ecc: 0100 00e8 

  0x000001d038083ed0: ; ImmutableOopMap {[120]=Oop [128]=Oop }
                      ;*invokevirtual doStop {reexecute=0 rethrow=0 return_oop=0}
                      ; - javafx.animation.Animation::finished@6 (line 1140)
                      ; - javafx.animation.AnimationAccessorImpl::finished@1 (line 49)
                      ; - com.sun.scenario.animation.shared.SingleLoopClipEnvelope::timePulse@131 (line 107)
  0x000001d038083ed0: 6cbc 0007 

  0x000001d038083ed4: ;   {post_call_nop}
  0x000001d038083ed4: 0f1f 8400 | 4c06 0004 | 488b b424 | 8000 0000 

  0x000001d038083ee4: ;   {metadata(method data for {method} {0x000001d054db0d78} 'finished' '()V' in 'javafx/animation/Animation')}
  0x000001d038083ee4: 48ba 6836 | 1055 d001 | 0000 8b76 | 0841 ba00 | 0000 3e49 | 03f2 483b | b210 0100 | 0075 0d48 
  0x000001d038083f04: 8382 1801 | 0000 01e9 | 6000 0000 | 483b b220 | 0100 0075 | 0d48 8382 | 2801 0000 | 01e9 4a00 
  0x000001d038083f24: 0000 4883 | ba10 0100 | 0000 7517 | 4889 b210 | 0100 0048 | c782 1801 | 0000 0100 | 0000 e929 
  0x000001d038083f44: 0000 0048 | 83ba 2001 | 0000 0075 | 1748 89b2 | 2001 0000 | 48c7 8228 | 0100 0001 | 0000 00e9 
  0x000001d038083f64: 0800 0000 | 4883 8208 | 0100 0001 

  0x000001d038083f70: ;   {metadata(method data for {method} {0x000001d054dafc30} 'getOnFinished' '()Ljavafx/event/EventHandler;' in 'javafx/animation/Animation')}
  0x000001d038083f70: 48ba 1038 | 1055 d001 | 0000 8bb2 | 9000 0000 | 83c6 0289 | b290 0000 | 0081 e6fe | ff1f 0085 
  0x000001d038083f90: f60f 8490 | 0300 0048 | 8bb4 2480 | 0000 008b | 5678 48c1 | e203 4885 

  0x000001d038083fa8: ;   {metadata(method data for {method} {0x000001d054dafc30} 'getOnFinished' '()Ljavafx/event/EventHandler;' in 'javafx/animation/Animation')}
  0x000001d038083fa8: d248 bf10 | 3810 55d0 | 0100 00bb | d800 0000 | 7505 bbe8 | 0000 0048 | 8b04 1f48 | 8d40 0148 
  0x000001d038083fc8: 8904 1f0f | 851f 0000 

  0x000001d038083fd0: ;   {metadata(method data for {method} {0x000001d054dafc30} 'getOnFinished' '()Ljavafx/event/EventHandler;' in 'javafx/animation/Animation')}
  0x000001d038083fd0: 0048 ba10 | 3810 55d0 | 0100 00ff | 82f8 0000 

  0x000001d038083fe0: ;   {oop(nullptr)}
  0x000001d038083fe0: 0048 bf00 | 0000 0000 | 0000 00e9 | 8e01 0000 

  0x000001d038083ff0: ; implicit exception: dispatches to 0x000001d038084348
  0x000001d038083ff0: 483b 0248 

  0x000001d038083ff4: ;   {metadata(method data for {method} {0x000001d054dafc30} 'getOnFinished' '()Ljavafx/event/EventHandler;' in 'javafx/animation/Animation')}
  0x000001d038083ff4: 8bfa 48bb | 1038 1055 | d001 0000 | 8b7f 0841 | ba00 0000 | 3e49 03fa | 483b bb18 | 0100 0075 
  0x000001d038084014: 0d48 8383 | 2001 0000 | 01e9 6000 | 0000 483b | bb28 0100 | 0075 0d48 | 8383 3001 | 0000 01e9 
  0x000001d038084034: 4a00 0000 | 4883 bb18 | 0100 0000 | 7517 4889 | bb18 0100 | 0048 c783 | 2001 0000 | 0100 0000 
  0x000001d038084054: e929 0000 | 0048 83bb | 2801 0000 | 0075 1748 | 89bb 2801 | 0000 48c7 | 8330 0100 | 0001 0000 
  0x000001d038084074: 00e9 0800 | 0000 4883 | 8310 0100 | 0001 6666 | 9048 b8e8 | e714 5fd0 

  0x000001d03808408c: ;   {virtual_call}
  0x000001d03808408c: 0100 00e8 

  0x000001d038084090: ; ImmutableOopMap {[120]=Oop [128]=Oop }
                      ;*invokevirtual get {reexecute=0 rethrow=0 return_oop=0}
                      ; - javafx.animation.Animation::getOnFinished@17 (line 728)
                      ; - javafx.animation.Animation::finished@11 (line 1141)
                      ; - javafx.animation.AnimationAccessorImpl::finished@1 (line 49)
                      ; - com.sun.scenario.animation.shared.SingleLoopClipEnvelope::timePulse@131 (line 107)
  0x000001d038084090: eeeb 4e07 

  0x000001d038084094: ;   {post_call_nop}
  0x000001d038084094: 0f1f 8400 | 0c08 0005 

  0x000001d03808409c: ;   {metadata(method data for {method} {0x000001d054dafc30} 'getOnFinished' '()Ljavafx/event/EventHandler;' in 'javafx/animation/Animation')}
  0x000001d03808409c: 4885 c048 | be10 3810 | 55d0 0100 | 0075 0c80 | 8e39 0100 | 0001 e9c1 | 0000 008b | 7808 41ba 
  0x000001d0380840bc: 0000 003e | 4903 fa48 | 3bbe 4801 | 0000 750d | 4883 8650 | 0100 0001 | e960 0000 | 0048 3bbe 
  0x000001d0380840dc: 5801 0000 | 750d 4883 | 8660 0100 | 0001 e94a | 0000 0048 | 83be 4801 | 0000 0075 | 1748 89be 
  0x000001d0380840fc: 4801 0000 | 48c7 8650 | 0100 0001 | 0000 00e9 | 2900 0000 | 4883 be58 | 0100 0000 | 7517 4889 
  0x000001d03808411c: be58 0100 | 0048 c786 | 6001 0000 | 0100 0000 | e908 0000 | 0048 8386 | 4001 0000 

  0x000001d038084138: ;   {metadata('javafx/event/EventHandler')}
  0x000001d038084138: 0148 bf98 | 6f14 3f00 | 0000 008b | 7008 41ba | 0000 003e | 4903 f248 | 3b7e 200f | 841f 0000 
  0x000001d038084158: 0048 3bf7 | 0f84 1600 | 0000 5657 

  0x000001d038084164: ;   {runtime_call C1 Runtime slow_subtype_check_blob}
  0x000001d038084164: e877 56fb | 065e 5e85 | f60f 84da | 0100 00e9 | 0000 0000 | 4c8b c049 | 8bf8 488b | b424 8000 
  0x000001d038084184: 0000 4c8b 

  0x000001d038084188: ;   {metadata(method data for {method} {0x000001d054db0d78} 'finished' '()V' in 'javafx/animation/Animation')}
  0x000001d038084188: c648 ba68 | 3610 55d0 | 0100 0045 | 8b40 0841 | ba00 0000 | 3e4d 03c2 | 4c3b 8240 | 0100 0075 
  0x000001d0380841a8: 0d48 8382 | 4801 0000 | 01e9 6000 | 0000 4c3b | 8250 0100 | 0075 0d48 | 8382 5801 | 0000 01e9 
  0x000001d0380841c8: 4a00 0000 | 4883 ba40 | 0100 0000 | 7517 4c89 | 8240 0100 | 0048 c782 | 4801 0000 | 0100 0000 
  0x000001d0380841e8: e929 0000 | 0048 83ba | 5001 0000 | 0075 174c | 8982 5001 | 0000 48c7 | 8258 0100 | 0001 0000 
  0x000001d038084208: 00e9 0800 | 0000 4883 | 8238 0100 | 0001 4c8b | c748 8bd6 

  0x000001d03808421c: ;   {optimized virtual_call}
  0x000001d03808421c: 6666 90e8 

  0x000001d038084220: ; ImmutableOopMap {[120]=Oop }
                      ;*invokevirtual runHandler {reexecute=0 rethrow=0 return_oop=0}
                      ; - javafx.animation.Animation::finished@14 (line 1141)
                      ; - javafx.animation.AnimationAccessorImpl::finished@1 (line 49)
                      ; - com.sun.scenario.animation.shared.SingleLoopClipEnvelope::timePulse@131 (line 107)
  0x000001d038084220: c101 0000 

  0x000001d038084224: ;   {post_call_nop}
  0x000001d038084224: 0f1f 8400 | 9c09 0006 | 488b 5424 | 78c6 420c 

  0x000001d038084234: ;   {metadata(method data for {method} {0x000001d054dba630} 'timePulse' '(J)V' in 'com/sun/scenario/animation/shared/SingleLoopClipEnvelope')}
  0x000001d038084234: 0048 b8f8 | 3110 55d0 | 0100 00ff | 8080 0200 | 0048 81c4 | 9000 0000 

  0x000001d03808424c: ;   {poll_return}
  0x000001d03808424c: 5d49 3b67 | 280f 87ff | 0000 00c3 | 4881 c490 | 0000 005d 

  0x000001d038084260: ;   {poll_return}
  0x000001d038084260: 493b 6728 | 0f87 0201 | 0000 c348 | 8b54 2478 | 498b 8788 | 0500 004d | 33d2 4d89 | 9788 0500 
  0x000001d038084280: 004d 33d2 | 4d89 9790 | 0500 00c6 | 420c 00e9 | 0b01 0000 

  0x000001d038084294: ;   {metadata({method} {0x000001d054dba630} 'timePulse' '(J)V' in 'com/sun/scenario/animation/shared/SingleLoopClipEnvelope')}
  0x000001d038084294: 49ba 28a6 | db54 d001 | 0000 4c89 | 5424 0848 | c704 24ff 

  0x000001d0380842a8: ;   {runtime_call C1 Runtime counter_overflow_blob}
  0x000001d0380842a8: ffff ffe8 

  0x000001d0380842ac: ; ImmutableOopMap {rdx=Oop [120]=Oop }
                      ;*synchronization entry
                      ; - com.sun.scenario.animation.shared.SingleLoopClipEnvelope::timePulse@-1 (line 94)
  0x000001d0380842ac: 308a fb06 | e936 f7ff 

  0x000001d0380842b4: ;   {metadata({method} {0x000001d05440f598} 'clamp' '(JJJ)J' in 'com/sun/javafx/util/Utils')}
  0x000001d0380842b4: ff49 ba90 | f540 54d0 | 0100 004c | 8954 2408 | 48c7 0424 | ffff ffff 

  0x000001d0380842cc: ;   {runtime_call C1 Runtime counter_overflow_blob}
  0x000001d0380842cc: e80f 8afb 

  0x000001d0380842d0: ; ImmutableOopMap {rdx=Oop [120]=Oop }
                      ;*synchronization entry
                      ; - com.sun.javafx.util.Utils::clamp@-1 (line 100)
                      ; - com.sun.scenario.animation.shared.SingleLoopClipEnvelope::timePulse@43 (line 102)
  0x000001d0380842d0: 06e9 cef7 

  0x000001d0380842d4: ;   {runtime_call C1 Runtime throw_null_pointer_exception_blob}
  0x000001d0380842d4: ffff e805 

  0x000001d0380842d8: ; ImmutableOopMap {rax=Oop rdx=Oop r8=Oop [120]=Oop }
                      ;*invokevirtual playTo {reexecute=0 rethrow=0 return_oop=0}
                      ; - com.sun.scenario.animation.shared.SingleLoopClipEnvelope::timePulse@64 (line 103)
                      ;   {runtime_call C1 Runtime throw_null_pointer_exception_blob}
  0x000001d0380842d8: 27fb 06e8 

  0x000001d0380842dc: ; ImmutableOopMap {rax=Oop rdx=Oop rsi=Oop [120]=Oop [128]=Oop }
                      ;*invokevirtual finished {reexecute=0 rethrow=0 return_oop=0}
                      ; - com.sun.scenario.animation.shared.SingleLoopClipEnvelope::timePulse@131 (line 107)
  0x000001d0380842dc: 0027 fb06 

  0x000001d0380842e0: ;   {metadata({method} {0x000001d054db2bf8} 'finished' '(Ljavafx/animation/Animation;)V' in 'javafx/animation/AnimationAccessorImpl')}
  0x000001d0380842e0: 49ba f02b | db54 d001 | 0000 4c89 | 5424 0848 | c704 24ff 

  0x000001d0380842f4: ;   {runtime_call C1 Runtime counter_overflow_blob}
  0x000001d0380842f4: ffff ffe8 

  0x000001d0380842f8: ; ImmutableOopMap {rdx=Oop rsi=Oop [120]=Oop [128]=Oop }
                      ;*synchronization entry
                      ; - javafx.animation.AnimationAccessorImpl::finished@-1 (line 49)
                      ; - com.sun.scenario.animation.shared.SingleLoopClipEnvelope::timePulse@131 (line 107)
  0x000001d0380842f8: e489 fb06 | e974 faff 

  0x000001d038084300: ;   {runtime_call C1 Runtime throw_null_pointer_exception_blob}
  0x000001d038084300: ffe8 da26 

  0x000001d038084304: ; ImmutableOopMap {rdx=Oop rsi=Oop [120]=Oop [128]=Oop }
                      ;*invokevirtual finished {reexecute=0 rethrow=0 return_oop=0}
                      ; - javafx.animation.AnimationAccessorImpl::finished@1 (line 49)
                      ; - com.sun.scenario.animation.shared.SingleLoopClipEnvelope::timePulse@131 (line 107)
                      ;   {metadata({method} {0x000001d054db0d78} 'finished' '()V' in 'javafx/animation/Animation')}
  0x000001d038084304: fb06 49ba | 700d db54 | d001 0000 | 4c89 5424 | 0848 c704 | 24ff ffff 

  0x000001d03808431c: ;   {runtime_call C1 Runtime counter_overflow_blob}
  0x000001d03808431c: ffe8 be89 

  0x000001d038084320: ; ImmutableOopMap {rdx=Oop rsi=Oop [120]=Oop [128]=Oop }
                      ;*synchronization entry
                      ; - javafx.animation.Animation::finished@-1 (line 1139)
                      ; - javafx.animation.AnimationAccessorImpl::finished@1 (line 49)
                      ; - com.sun.scenario.animation.shared.SingleLoopClipEnvelope::timePulse@131 (line 107)
  0x000001d038084320: fb06 e907 

  0x000001d038084324: ;   {metadata({method} {0x000001d054dafc30} 'getOnFinished' '()Ljavafx/event/EventHandler;' in 'javafx/animation/Animation')}
  0x000001d038084324: fbff ff49 | ba28 fcda | 54d0 0100 | 004c 8954 | 2408 48c7 | 0424 ffff 

  0x000001d03808433c: ;   {runtime_call C1 Runtime counter_overflow_blob}
  0x000001d03808433c: ffff e89d 

  0x000001d038084340: ; ImmutableOopMap {[120]=Oop [128]=Oop }
                      ;*synchronization entry
                      ; - javafx.animation.Animation::getOnFinished@-1 (line 728)
                      ; - javafx.animation.Animation::finished@11 (line 1141)
                      ; - javafx.animation.AnimationAccessorImpl::finished@1 (line 49)
                      ; - com.sun.scenario.animation.shared.SingleLoopClipEnvelope::timePulse@131 (line 107)
  0x000001d038084340: 89fb 06e9 | 4ffc ffff 

  0x000001d038084348: ;   {runtime_call C1 Runtime throw_null_pointer_exception_blob}
  0x000001d038084348: e893 26fb 

  0x000001d03808434c: ; ImmutableOopMap {rdx=Oop [120]=Oop [128]=Oop }
                      ;*invokevirtual get {reexecute=0 rethrow=0 return_oop=0}
                      ; - javafx.animation.Animation::getOnFinished@17 (line 728)
                      ; - javafx.animation.Animation::finished@11 (line 1141)
                      ; - javafx.animation.AnimationAccessorImpl::finished@1 (line 49)
                      ; - com.sun.scenario.animation.shared.SingleLoopClipEnvelope::timePulse@131 (line 107)
  0x000001d03808434c: 0648 8904 

  0x000001d038084350: ;   {runtime_call C1 Runtime throw_class_cast_exception_blob}
  0x000001d038084350: 24e8 8a4a 

  0x000001d038084354: ; ImmutableOopMap {[120]=Oop [128]=Oop }
                      ;*checkcast {reexecute=0 rethrow=0 return_oop=0}
                      ; - javafx.animation.Animation::getOnFinished@20 (line 728)
                      ; - javafx.animation.Animation::finished@11 (line 1141)
                      ; - javafx.animation.AnimationAccessorImpl::finished@1 (line 49)
                      ; - com.sun.scenario.animation.shared.SingleLoopClipEnvelope::timePulse@131 (line 107)
                      ;   {internal_word}
  0x000001d038084354: fb06 49ba | 4d42 0838 | d001 0000 | 4d89 97e0 

  0x000001d038084364: ;   {runtime_call SafepointBlob}
  0x000001d038084364: 0400 00e9 | f4cb ee06 

  0x000001d03808436c: ;   {internal_word}
  0x000001d03808436c: 49ba 6042 | 0838 d001 | 0000 4d89 | 97e0 0400 

  0x000001d03808437c: ;   {runtime_call SafepointBlob}
  0x000001d03808437c: 00e9 decb | ee06 498b | 8788 0500 | 0049 c787 | 8805 0000 | 0000 0000 | 49c7 8790 | 0500 0000 
  0x000001d03808439c: 0000 0048 | 81c4 9000 

  0x000001d0380843a4: ;   {runtime_call C1 Runtime unwind_exception_blob}
  0x000001d0380843a4: 0000 5de9 | 3417 fb06 | f4f4 f4f4 
[Stub Code]
  0x000001d0380843b0: ;   {other}
  0x000001d0380843b0: 0f1f 4400 

  0x000001d0380843b4: ;   {static_stub}
  0x000001d0380843b4: 0048 bb00 | 0000 0000 

  0x000001d0380843bc: ;   {runtime_call nmethod}
  0x000001d0380843bc: 0000 00e9 | fbff ffff 

  0x000001d0380843c4: ;   {static_stub}
  0x000001d0380843c4: 9048 bb00 | 0000 0000 

  0x000001d0380843cc: ;   {runtime_call nmethod}
  0x000001d0380843cc: 0000 00e9 | fbff ffff 

  0x000001d0380843d4: ;   {static_stub}
  0x000001d0380843d4: 9048 bb00 | 0000 0000 

  0x000001d0380843dc: ;   {runtime_call nmethod}
  0x000001d0380843dc: 0000 00e9 | fbff ffff 

  0x000001d0380843e4: ;   {static_stub}
  0x000001d0380843e4: 9048 bb40 | 0edb 54d0 

  0x000001d0380843ec: ;   {runtime_call I2C/C2I adapters}
  0x000001d0380843ec: 0100 00e9 | 4218 ef06 

  0x000001d0380843f4: ;   {static_stub}
  0x000001d0380843f4: 48bb 0000 | 0000 0000 

  0x000001d0380843fc: ;   {runtime_call nmethod}
  0x000001d0380843fc: 0000 e9fb 

  0x000001d038084400: ;   {static_stub}
  0x000001d038084400: ffff ff48 | bb00 0000 | 0000 0000 

  0x000001d03808440c: ;   {runtime_call nmethod}
  0x000001d03808440c: 00e9 fbff 

  0x000001d038084410: ;   {runtime_call C1 Runtime handle_exception_from_callee_blob}
  0x000001d038084410: ffff e8c9 

  0x000001d038084414: ;   {external_word}
  0x000001d038084414: 43fb 0648 | b968 082b | 74fd 7f00 | 0048 83e4 

  0x000001d038084424: ;   {runtime_call}
  0x000001d038084424: f048 b800 | 91ee 73fd | 7f00 00ff 

  0x000001d038084430: ;   {section_word}
  0x000001d038084430: d0f4 49ba | 3244 0838 | d001 0000 

  0x000001d03808443c: ;   {runtime_call DeoptimizationBlob}
  0x000001d03808443c: 4152 e91d | ceee 06f4 | f4f4 f4f4 
[/MachCode]


---------------  P R O C E S S  ---------------

Threads class SMR info:
_java_thread_list=0x000001d053963490, length=24, elements={
0x000001d02cd656f0, 0x000001d050cba570, 0x000001d050cbcfe0, 0x000001d050cbf9e0,
0x000001d050cc1b80, 0x000001d050cc33e0, 0x000001d050ccc250, 0x000001d050cd9e00,
0x000001d050cdd6c0, 0x000001d05397dd30, 0x000001d0589ae0c0, 0x000001d05906e4d0,
0x000001d0592e37d0, 0x000001d059351280, 0x000001d05ee1c330, 0x000001d05ee4a890,
0x000001d059127ee0, 0x000001d05813de50, 0x000001d0588facd0, 0x000001d0588feb50,
0x000001d058113150, 0x000001d0584d5d90, 0x000001d05f99a880, 0x000001d05f99e900
}
_to_delete_list=0x000001d053962b00, length=23, elements={
0x000001d02cd656f0, 0x000001d050cba570, 0x000001d050cbcfe0, 0x000001d050cbf9e0,
0x000001d050cc1b80, 0x000001d050cc33e0, 0x000001d050ccc250, 0x000001d050cd9e00,
0x000001d050cdd6c0, 0x000001d05397dd30, 0x000001d0589ae0c0, 0x000001d05906e4d0,
0x000001d0592e37d0, 0x000001d059351280, 0x000001d05ee1c330, 0x000001d05ee4a890,
0x000001d059127ee0, 0x000001d05813de50, 0x000001d0588facd0, 0x000001d0588feb50,
0x000001d058113150, 0x000001d0584d5d90, 0x000001d05f99a880
}

Java Threads: ( => current thread )
  0x000001d02cd656f0 JavaThread "main"                              [_thread_blocked, id=24772, stack(0x00000003cbf00000,0x00000003cc000000) (1024K)]
  0x000001d050cba570 JavaThread "Reference Handler"          daemon [_thread_blocked, id=3492, stack(0x00000003cc700000,0x00000003cc800000) (1024K)]
  0x000001d050cbcfe0 JavaThread "Finalizer"                  daemon [_thread_blocked, id=16996, stack(0x00000003cc800000,0x00000003cc900000) (1024K)]
  0x000001d050cbf9e0 JavaThread "Signal Dispatcher"          daemon [_thread_blocked, id=27880, stack(0x00000003cc900000,0x00000003cca00000) (1024K)]
  0x000001d050cc1b80 JavaThread "Attach Listener"            daemon [_thread_blocked, id=12468, stack(0x00000003cca00000,0x00000003ccb00000) (1024K)]
  0x000001d050cc33e0 JavaThread "Service Thread"             daemon [_thread_blocked, id=24884, stack(0x00000003ccb00000,0x00000003ccc00000) (1024K)]
  0x000001d050ccc250 JavaThread "Monitor Deflation Thread"   daemon [_thread_blocked, id=5868, stack(0x00000003ccc00000,0x00000003ccd00000) (1024K)]
  0x000001d050cd9e00 JavaThread "C2 CompilerThread0"         daemon [_thread_blocked, id=23000, stack(0x00000003ccd00000,0x00000003cce00000) (1024K)]
  0x000001d050cdd6c0 JavaThread "C1 CompilerThread0"         daemon [_thread_blocked, id=4500, stack(0x00000003cce00000,0x00000003ccf00000) (1024K)]
  0x000001d05397dd30 JavaThread "Common-Cleaner"             daemon [_thread_blocked, id=13688, stack(0x00000003ccf00000,0x00000003cd000000) (1024K)]
  0x000001d0589ae0c0 JavaThread "Notification Thread"        daemon [_thread_blocked, id=17900, stack(0x00000003cd200000,0x00000003cd300000) (1024K)]
  0x000001d05906e4d0 JavaThread "QuantumRenderer-0"          daemon [_thread_blocked, id=17084, stack(0x00000003cd300000,0x00000003cd400000) (1024K)]
  0x000001d0592e37d0 JavaThread "InvokeLaterDispatcher"      daemon [_thread_blocked, id=21460, stack(0x00000003cd400000,0x00000003cd500000) (1024K)]
=>0x000001d059351280 JavaThread "JavaFX Application Thread"         [_thread_in_vm, id=29808, stack(0x00000003cd500000,0x00000003cd600000) (1024K)]
  0x000001d05ee1c330 JavaThread "JavaFX-Launcher"                   [_thread_blocked, id=23112, stack(0x00000003ceb00000,0x00000003cec00000) (1024K)]
  0x000001d05ee4a890 JavaThread "Thread-2"                   daemon [_thread_in_native, id=13584, stack(0x00000003cd100000,0x00000003cd200000) (1024K)]
  0x000001d059127ee0 JavaThread "MessageRouter"              daemon [_thread_in_native, id=24668, stack(0x00000003cbc00000,0x00000003cbd00000) (1024K)]
  0x000001d05813de50 JavaThread "Prism Font Disposer"        daemon [_thread_blocked, id=15852, stack(0x00000003cf700000,0x00000003cf800000) (1024K)]
  0x000001d0588facd0 JavaThread "Cleaner-0"                  daemon [_thread_blocked, id=9592, stack(0x00000003cbe00000,0x00000003cbf00000) (1024K)]
  0x000001d0588feb50 JavaThread "mysql-cj-abandoned-connection-cleanup" daemon [_thread_blocked, id=29112, stack(0x00000003cbd00000,0x00000003cbe00000) (1024K)]
  0x000001d058113150 JavaThread "pool-2-thread-1"                   [_thread_blocked, id=10164, stack(0x00000003cd000000,0x00000003cd100000) (1024K)]
  0x000001d0584d5d90 JavaThread "pool-3-thread-1"                   [_thread_blocked, id=17948, stack(0x00000003cd900000,0x00000003cda00000) (1024K)]
  0x000001d05f99a880 JavaThread "C2 CompilerThread1"         daemon [_thread_blocked, id=11148, stack(0x00000003cf600000,0x00000003cf700000) (1024K)]
  0x000001d05f99e900 JavaThread "C2 CompilerThread2"         daemon [_thread_blocked, id=17300, stack(0x00000003cfc00000,0x00000003cfd00000) (1024K)]
Total: 24

Other Threads:
  0x000001d050ca7530 VMThread "VM Thread"                           [id=27340, stack(0x00000003cc600000,0x00000003cc700000) (1024K)]
  0x000001d050c96ec0 WatcherThread "VM Periodic Task Thread"        [id=22988, stack(0x00000003cc500000,0x00000003cc600000) (1024K)]
  0x000001d02f209590 WorkerThread "GC Thread#0"                     [id=15044, stack(0x00000003cc000000,0x00000003cc100000) (1024K)]
  0x000001d058155900 WorkerThread "GC Thread#1"                     [id=22912, stack(0x00000003cec00000,0x00000003ced00000) (1024K)]
  0x000001d0539bcaa0 WorkerThread "GC Thread#2"                     [id=21628, stack(0x00000003ced00000,0x00000003cee00000) (1024K)]
  0x000001d058156140 WorkerThread "GC Thread#3"                     [id=5244, stack(0x00000003cee00000,0x00000003cef00000) (1024K)]
  0x000001d05f0291e0 WorkerThread "GC Thread#4"                     [id=19592, stack(0x00000003cef00000,0x00000003cf000000) (1024K)]
  0x000001d058e9cc00 WorkerThread "GC Thread#5"                     [id=6472, stack(0x00000003cf000000,0x00000003cf100000) (1024K)]
  0x000001d058e9ee80 WorkerThread "GC Thread#6"                     [id=13924, stack(0x00000003cf100000,0x00000003cf200000) (1024K)]
  0x000001d058e9d050 WorkerThread "GC Thread#7"                     [id=26212, stack(0x00000003cf200000,0x00000003cf300000) (1024K)]
  0x000001d058e9fb70 WorkerThread "GC Thread#8"                     [id=15008, stack(0x00000003cf300000,0x00000003cf400000) (1024K)]
  0x000001d058e9ffc0 WorkerThread "GC Thread#9"                     [id=22448, stack(0x00000003cf400000,0x00000003cf500000) (1024K)]
  0x000001d058e9e5e0 WorkerThread "GC Thread#10"                    [id=24932, stack(0x00000003cf500000,0x00000003cf600000) (1024K)]
  0x000001d02f21e990 ConcurrentGCThread "G1 Main Marker"            [id=1576, stack(0x00000003cc100000,0x00000003cc200000) (1024K)]
  0x000001d050b05850 WorkerThread "G1 Conc#0"                       [id=30080, stack(0x00000003cc200000,0x00000003cc300000) (1024K)]
  0x000001d05f407610 WorkerThread "G1 Conc#1"                       [id=17272, stack(0x00000003cfa00000,0x00000003cfb00000) (1024K)]
  0x000001d05f406080 WorkerThread "G1 Conc#2"                       [id=30188, stack(0x00000003cfb00000,0x00000003cfc00000) (1024K)]
  0x000001d050b63660 ConcurrentGCThread "G1 Refine#0"               [id=30224, stack(0x00000003cc300000,0x00000003cc400000) (1024K)]
  0x000001d050b64070 ConcurrentGCThread "G1 Service"                [id=9044, stack(0x00000003cc400000,0x00000003cc500000) (1024K)]
Total: 19

Threads with active compile tasks:
Total: 0

VM state: not at safepoint (normal execution)

VM Mutex/Monitor currently owned by a thread: None

Heap address: 0x0000000611400000, size: 7916 MB, Compressed Oops mode: Zero based, Oop shift amount: 3

CDS archive(s) mapped at: [0x000000003e000000-0x000000003edd0000-0x000000003edd0000), size 14483456, SharedBaseAddress: 0x000000003e000000, ArchiveRelocationMode: 1.
Compressed class space mapped at: 0x000000003f000000-0x000000007f000000, reserved size: 1073741824
UseCompressedClassPointers 1, UseCompactObjectHeaders 0
Narrow klass pointer bits 32, Max shift 3
Narrow klass base: 0x000000003e000000, Narrow klass shift: 0
Encoding Range: [0x000000003e000000 - 0x000000013e000000), (4294967296 bytes)
Klass Range:    [0x000000003e010000 - 0x000000007f000000), (1090453504 bytes)
Klass ID Range:  [65536 - 1090519033) (1090453497)
Protection zone: [0x000000003e000000 - 0x000000003e010000), (65536 bytes)

GC Precious Log:
 CardTable entry size: 512
 Card Set container configuration: InlinePtr #cards 4 size 8 Array Of Cards #cards 32 size 80 Howl #buckets 8 coarsen threshold 7372 Howl Bitmap #cards 1024 size 144 coarsen threshold 921 Card regions per heap region 1 cards per card region 8192
 CPUs: 14 total, 14 available
 Memory: 31659M
 Large Page Support: Disabled
 NUMA Support: Disabled
 Compressed Oops: Enabled (Zero based)
 Heap Region Size: 4M
 Heap Min Capacity: 8M
 Heap Initial Capacity: 496M
 Heap Max Capacity: 7916M
 Pre-touch: Disabled
 Parallel Workers: 11
 Concurrent Workers: 3
 Concurrent Refinement Workers: 11
 Periodic GC: Disabled

Heap:
 garbage-first heap   total reserved 8105984K, committed 69632K, used 56540K [0x0000000611400000, 0x0000000800000000)
  region size 4096K, 15 young (61440K), 4 survivors (16384K)

Heap Regions: E=young(eden), S=young(survivor), O=old, HS=humongous(starts), HC=humongous(continues), CS=collection set, F=free, TAMS=top-at-mark-start, PB=parsable bottom
|   0|0x0000000611400000, 0x0000000611400000, 0x0000000611800000|  0%| F|  |TAMS 0x0000000611400000| PB 0x0000000611400000| Untracked |  0
|   1|0x0000000611800000, 0x0000000611a00000, 0x0000000611c00000| 50%| E|  |TAMS 0x0000000611800000| PB 0x0000000611800000| Complete |  0
|   2|0x0000000611c00000, 0x0000000612000000, 0x0000000612000000|100%| E|CS|TAMS 0x0000000611c00000| PB 0x0000000611c00000| Complete |  0
|   3|0x0000000612000000, 0x0000000612400000, 0x0000000612400000|100%| E|CS|TAMS 0x0000000612000000| PB 0x0000000612000000| Complete |  0
|   4|0x0000000612400000, 0x0000000612800000, 0x0000000612800000|100%| E|CS|TAMS 0x0000000612400000| PB 0x0000000612400000| Complete |  0
|   5|0x0000000612800000, 0x0000000612c00000, 0x0000000612c00000|100%| E|CS|TAMS 0x0000000612800000| PB 0x0000000612800000| Complete |  0
|   6|0x0000000612c00000, 0x0000000613000000, 0x0000000613000000|100%| E|CS|TAMS 0x0000000612c00000| PB 0x0000000612c00000| Complete |  0
|   7|0x0000000613000000, 0x0000000613400000, 0x0000000613400000|100%| E|CS|TAMS 0x0000000613000000| PB 0x0000000613000000| Complete |  0
|   8|0x0000000613400000, 0x0000000613800000, 0x0000000613800000|100%| E|CS|TAMS 0x0000000613400000| PB 0x0000000613400000| Complete |  0
|   9|0x0000000613800000, 0x0000000613c00000, 0x0000000613c00000|100%| E|CS|TAMS 0x0000000613800000| PB 0x0000000613800000| Complete |  0
|  10|0x0000000613c00000, 0x0000000614000000, 0x0000000614000000|100%| E|CS|TAMS 0x0000000613c00000| PB 0x0000000613c00000| Complete |  0
|  93|0x0000000628800000, 0x0000000628a11af0, 0x0000000628c00000| 51%| S|CS|TAMS 0x0000000628800000| PB 0x0000000628800000| Complete |  0
|  94|0x0000000628c00000, 0x0000000629000000, 0x0000000629000000|100%| S|CS|TAMS 0x0000000628c00000| PB 0x0000000628c00000| Complete |  0
|  95|0x0000000629000000, 0x0000000629400000, 0x0000000629400000|100%| S|CS|TAMS 0x0000000629000000| PB 0x0000000629000000| Complete |  0
|  96|0x0000000629400000, 0x0000000629800000, 0x0000000629800000|100%| S|CS|TAMS 0x0000000629400000| PB 0x0000000629400000| Complete |  0
| 123|0x0000000630000000, 0x0000000630400000, 0x0000000630400000|100%| E|CS|TAMS 0x0000000630000000| PB 0x0000000630000000| Complete |  0
|1978|0x00000007ffc00000, 0x00000007ffd257b8, 0x0000000800000000| 28%| O|Cm|TAMS 0x00000007ffc00000| PB 0x00000007ffc00000| Complete |  0

Card table byte_map: [0x000001d047fd0000,0x000001d048f50000] _byte_map_base: 0x000001d044f46000

Marking Bits: (CMBitMap*) 0x000001d02f209b20
 Bits: [0x000001d048f50000, 0x000001d050b00000)

Polling page: 0x000001d02d030000

Metaspace:
Metaspace        used 25865K, committed 26240K, reserved 1114112K
 class space     used 3726K, committed 3904K, reserved 1048576K

Usage:
  Non-class:     21.62 MB used.
      Class:      3.64 MB used.
       Both:     25.26 MB used.

Virtual space:
  Non-class space:       64.00 MB reserved,      21.81 MB ( 34%) committed,  1 nodes.
      Class space:        1.00 GB reserved,       3.81 MB ( <1%) committed,  1 nodes.
             Both:        1.06 GB reserved,      25.62 MB (  2%) committed. 

Chunk freelists:
   Non-Class:  9.66 MB
       Class:  12.23 MB
        Both:  21.89 MB

MaxMetaspaceSize: unlimited
CompressedClassSpaceSize: 1.00 GB
Initial GC threshold: 21.00 MB
Current GC threshold: 35.31 MB
CDS: on
 - commit_granule_bytes: 65536.
 - commit_granule_words: 8192.
 - virtual_space_node_default_size: 8388608.
 - enlarge_chunks_in_place: 1.
UseCompressedClassPointers 1, UseCompactObjectHeaders 0
Narrow klass pointer bits 32, Max shift 3
Narrow klass base: 0x000000003e000000, Narrow klass shift: 0
Encoding Range: [0x000000003e000000 - 0x000000013e000000), (4294967296 bytes)
Klass Range:    [0x000000003e010000 - 0x000000007f000000), (1090453504 bytes)
Klass ID Range:  [65536 - 1090519033) (1090453497)
Protection zone: [0x000000003e000000 - 0x000000003e010000), (65536 bytes)


Internal statistics:

num_allocs_failed_limit: 3.
num_arena_births: 404.
num_arena_deaths: 0.
num_vsnodes_births: 2.
num_vsnodes_deaths: 0.
num_space_committed: 410.
num_space_uncommitted: 0.
num_chunks_returned_to_freelist: 3.
num_chunks_taken_from_freelist: 1286.
num_chunk_merges: 3.
num_chunk_splits: 872.
num_chunks_enlarged: 630.
num_inconsistent_stats: 0.

CodeHeap 'non-profiled nmethods': size=120064Kb used=2511Kb max_used=2511Kb free=117553Kb
 bounds [0x000001d03f4b0000, 0x000001d03f730000, 0x000001d0469f0000]
CodeHeap 'profiled nmethods': size=120000Kb used=10230Kb max_used=10230Kb free=109770Kb
 bounds [0x000001d0379f0000, 0x000001d0383f0000, 0x000001d03ef20000]
CodeHeap 'non-nmethods': size=5696Kb used=1814Kb max_used=1929Kb free=3881Kb
 bounds [0x000001d03ef20000, 0x000001d03f190000, 0x000001d03f4b0000]
CodeCache: size=245760Kb, used=14555Kb, max_used=14670Kb, free=231204Kb
 total_blobs=6967, nmethods=6023, adapters=845, full_count=0
Compilation: enabled, stopped_count=0, restarted_count=0

Compilation events (20 events):
Event: 180.684 Thread 0x000001d050cdd6c0 6015       3       javafx.scene.Parent::updateBounds (44 bytes)
Event: 180.685 Thread 0x000001d050cdd6c0 nmethod 6015 0x000001d0383e1888 code [0x000001d0383e1980, 0x000001d0383e1eb0]
Event: 180.687 Thread 0x000001d050cdd6c0 6016       3       javafx.scene.layout.VBox::getAlignmentInternal (17 bytes)
Event: 180.687 Thread 0x000001d050cdd6c0 nmethod 6016 0x000001d0383e1f08 code [0x000001d0383e2000, 0x000001d0383e2410]
Event: 180.687 Thread 0x000001d050cdd6c0 6018       3       javafx.scene.Node$12::invalidated (57 bytes)
Event: 180.688 Thread 0x000001d050cdd6c0 nmethod 6018 0x000001d0383e2488 code [0x000001d0383e2580, 0x000001d0383e3720]
Event: 180.688 Thread 0x000001d050cdd6c0 6017       3       javafx.scene.layout.VBox::getAlignment (24 bytes)
Event: 180.688 Thread 0x000001d050cdd6c0 nmethod 6017 0x000001d0383e3788 code [0x000001d0383e3880, 0x000001d0383e3b70]
Event: 180.688 Thread 0x000001d050cdd6c0 6019       3       javafx.scene.layout.HBox::adjustAreaWidths (169 bytes)
Event: 180.690 Thread 0x000001d050cdd6c0 nmethod 6019 0x000001d0383e3b88 code [0x000001d0383e3ce0, 0x000001d0383e7c78]
Event: 180.690 Thread 0x000001d050cdd6c0 6021       3       javafx.scene.layout.Region::validateCorners (420 bytes)
Event: 180.692 Thread 0x000001d050cdd6c0 nmethod 6021 0x000001d0383e7c88 code [0x000001d0383e7d80, 0x000001d0383eadc0]
Event: 180.692 Thread 0x000001d050cdd6c0 6020       3       javafx.scene.layout.Region::normalize (420 bytes)
Event: 180.692 Thread 0x000001d050cdd6c0 nmethod 6020 0x000001d0383eae08 code [0x000001d0383eaf20, 0x000001d0383ec3c8]
Event: 180.692 Thread 0x000001d050cdd6c0 6022       3       com.sun.javafx.sg.prism.NGRegion::setSize (46 bytes)
Event: 180.692 Thread 0x000001d050cdd6c0 nmethod 6022 0x000001d0383ec408 code [0x000001d0383ec500, 0x000001d0383ecef0]
Event: 180.692 Thread 0x000001d050cdd6c0 6023       3       com.sun.javafx.font.directwrite.IDWriteGlyphRunAnalysis::GetAlphaTextureBounds (9 bytes)
Event: 180.692 Thread 0x000001d050cdd6c0 nmethod 6023 0x000001d0383ecf08 code [0x000001d0383ed000, 0x000001d0383ed138]
Event: 180.694 Thread 0x000001d050cdd6c0 6024       3       com.sun.javafx.geom.Path2D::getBounds (134 bytes)
Event: 180.694 Thread 0x000001d050cdd6c0 nmethod 6024 0x000001d0383ed208 code [0x000001d0383ed300, 0x000001d0383ed780]

GC Heap Usage History (4 events):
Event: 117.422 {heap Before GC invocations=0 (full 0):
 garbage-first heap   total reserved 8105984K, committed 512000K, used 50325K [0x0000000611400000, 0x0000000800000000)
  region size 4096K, 12 young (49152K), 0 survivors (0K)
}
Event: 117.428 {heap After GC invocations=1 (full 0):
 garbage-first heap   total reserved 8105984K, committed 512000K, used 6589K [0x0000000611400000, 0x0000000800000000)
  region size 4096K, 2 young (8192K), 2 survivors (8192K)
}
Event: 140.860 {heap Before GC invocations=1 (full 0):
 garbage-first heap   total reserved 8105984K, committed 512000K, used 100797K [0x0000000611400000, 0x0000000800000000)
  region size 4096K, 27 young (110592K), 2 survivors (8192K)
}
Event: 140.865 {heap After GC invocations=2 (full 0):
 garbage-first heap   total reserved 8105984K, committed 512000K, used 15580K [0x0000000611400000, 0x0000000800000000)
  region size 4096K, 4 young (16384K), 4 survivors (16384K)
}

Metaspace Usage History (4 events):
Event: 117.422 {metaspace Before GC invocations=0 (full 0):
 Metaspace       used 7708K, committed 7936K, reserved 1114112K
  class space    used 907K, committed 1024K, reserved 1048576K
}
Event: 117.428 {metaspace After GC invocations=1 (full 0):
 Metaspace       used 7708K, committed 7936K, reserved 1114112K
  class space    used 907K, committed 1024K, reserved 1048576K
}
Event: 140.860 {metaspace Before GC invocations=1 (full 0):
 Metaspace       used 21187K, committed 21504K, reserved 1114112K
  class space    used 2994K, committed 3136K, reserved 1048576K
}
Event: 140.865 {metaspace After GC invocations=2 (full 0):
 Metaspace       used 21187K, committed 21504K, reserved 1114112K
  class space    used 2994K, committed 3136K, reserved 1048576K
}

Dll operation events (20 events):
Event: 0.212 Loaded shared library C:\Users\lenovo\.openjfx\cache\25+29\amd64\api-ms-win-crt-math-l1-1-0.dll
Event: 0.214 Loaded shared library C:\Users\lenovo\.openjfx\cache\25+29\amd64\api-ms-win-crt-multibyte-l1-1-0.dll
Event: 0.216 Loaded shared library C:\Users\lenovo\.openjfx\cache\25+29\amd64\api-ms-win-crt-private-l1-1-0.dll
Event: 0.218 Loaded shared library C:\Users\lenovo\.openjfx\cache\25+29\amd64\api-ms-win-crt-process-l1-1-0.dll
Event: 0.220 Loaded shared library C:\Users\lenovo\.openjfx\cache\25+29\amd64\api-ms-win-crt-runtime-l1-1-0.dll
Event: 0.222 Loaded shared library C:\Users\lenovo\.openjfx\cache\25+29\amd64\api-ms-win-crt-stdio-l1-1-0.dll
Event: 0.223 Loaded shared library C:\Users\lenovo\.openjfx\cache\25+29\amd64\api-ms-win-crt-string-l1-1-0.dll
Event: 0.225 Loaded shared library C:\Users\lenovo\.openjfx\cache\25+29\amd64\api-ms-win-crt-time-l1-1-0.dll
Event: 0.226 Loaded shared library C:\Users\lenovo\.openjfx\cache\25+29\amd64\api-ms-win-crt-utility-l1-1-0.dll
Event: 0.236 Loaded shared library C:\Users\lenovo\.openjfx\cache\25+29\amd64\ucrtbase.dll
Event: 0.238 Loaded shared library C:\Users\lenovo\.openjfx\cache\25+29\amd64\vcruntime140.dll
Event: 0.240 Loaded shared library C:\Users\lenovo\.openjfx\cache\25+29\amd64\vcruntime140_1.dll
Event: 0.244 Loaded shared library C:\Users\lenovo\.openjfx\cache\25+29\amd64\msvcp140.dll
Event: 0.245 Loaded shared library C:\Users\lenovo\.openjfx\cache\25+29\amd64\msvcp140_1.dll
Event: 0.249 Loaded shared library C:\Users\lenovo\.openjfx\cache\25+29\amd64\msvcp140_2.dll
Event: 0.268 Loaded shared library C:\Users\lenovo\.openjfx\cache\25+29\amd64\prism_d3d.dll
Event: 0.312 Loaded shared library C:\Users\lenovo\.openjfx\cache\25+29\amd64\glass.dll
Event: 0.449 Loaded shared library C:\Program Files\Java\jdk-25.0.2\bin\jimage.dll
Event: 117.479 Loaded shared library C:\Users\lenovo\.openjfx\cache\25+29\amd64\javafx_iio.dll
Event: 117.521 Loaded shared library C:\Users\lenovo\.openjfx\cache\25+29\amd64\javafx_font.dll

Deoptimization events (20 events):
Event: 180.618 Thread 0x000001d05906e4d0 DEOPT PACKING pc=0x000001d03f63e64c sp=0x00000003cd3fdb10
Event: 180.618 Thread 0x000001d05906e4d0 DEOPT UNPACKING pc=0x000001d03f03c302 sp=0x00000003cd3fdab0 mode 2
Event: 180.618 Thread 0x000001d05906e4d0 Uncommon trap: trap_request=0xffffffde fr.pc=0x000001d03f6757dc relative=0x00000000000000dc
Event: 180.618 Thread 0x000001d05906e4d0 Uncommon trap: reason=class_check action=maybe_recompile pc=0x000001d03f6757dc method=com.sun.javafx.geom.transform.AffineBase.getType()I @ 9 c2
Event: 180.618 Thread 0x000001d05906e4d0 DEOPT PACKING pc=0x000001d03f6757dc sp=0x00000003cd3fd410
Event: 180.618 Thread 0x000001d05906e4d0 DEOPT UNPACKING pc=0x000001d03f03c302 sp=0x00000003cd3fd350 mode 2
Event: 180.618 Thread 0x000001d05906e4d0 Uncommon trap: trap_request=0xffffffde fr.pc=0x000001d03f62e6d0 relative=0x0000000000000290
Event: 180.618 Thread 0x000001d05906e4d0 Uncommon trap: reason=class_check action=maybe_recompile pc=0x000001d03f62e6d0 method=com.sun.javafx.geom.transform.AffineBase.getType()I @ 9 c2
Event: 180.618 Thread 0x000001d05906e4d0 DEOPT PACKING pc=0x000001d03f62e6d0 sp=0x00000003cd3fd2f0
Event: 180.618 Thread 0x000001d05906e4d0 DEOPT UNPACKING pc=0x000001d03f03c302 sp=0x00000003cd3fd2a0 mode 2
Event: 180.625 Thread 0x000001d05906e4d0 Uncommon trap: trap_request=0xffffff45 fr.pc=0x000001d03f653464 relative=0x0000000000000e24
Event: 180.625 Thread 0x000001d05906e4d0 Uncommon trap: reason=unstable_if action=reinterpret pc=0x000001d03f653464 method=com.sun.scenario.effect.impl.state.BoxRenderState.validateWeights()V @ 147 c2
Event: 180.625 Thread 0x000001d05906e4d0 DEOPT PACKING pc=0x000001d03f653464 sp=0x00000003cd3fe550
Event: 180.625 Thread 0x000001d05906e4d0 DEOPT UNPACKING pc=0x000001d03f03c302 sp=0x00000003cd3fe4b8 mode 2
Event: 180.658 Thread 0x000001d059351280 Uncommon trap: trap_request=0xffffff45 fr.pc=0x000001d03f680320 relative=0x00000000000006a0
Event: 180.658 Thread 0x000001d059351280 Uncommon trap: reason=unstable_if action=reinterpret pc=0x000001d03f680320 method=javafx.scene.Node.updateBounds()V @ 37 c2
Event: 180.658 Thread 0x000001d059351280 DEOPT PACKING pc=0x000001d03f680320 sp=0x00000003cd5fa1a0
Event: 180.658 Thread 0x000001d059351280 DEOPT UNPACKING pc=0x000001d03f03c302 sp=0x00000003cd5fa0d0 mode 2
Event: 180.669 Thread 0x000001d05906e4d0 DEOPT PACKING pc=0x000001d0383b3c6c sp=0x00000003cd3fd550
Event: 180.669 Thread 0x000001d05906e4d0 DEOPT UNPACKING pc=0x000001d03ef71702 sp=0x00000003cd3fca50 mode 0

Classes loaded (20 events):
Event: 180.431 Loading class java/util/Spliterator$OfPrimitive
Event: 180.432 Loading class java/util/Spliterator$OfPrimitive done
Event: 180.432 Loading class java/util/Spliterator$OfInt done
Event: 180.432 Loading class java/util/BitSet$1BitSetSpliterator done
Event: 180.432 Loading class java/util/stream/IntPipeline$Head
Event: 180.432 Loading class java/util/stream/IntPipeline
Event: 180.432 Loading class java/util/stream/IntPipeline done
Event: 180.432 Loading class java/util/stream/IntPipeline$Head done
Event: 180.433 Loading class java/util/stream/IntPipeline$1
Event: 180.433 Loading class java/util/stream/IntPipeline$1 done
Event: 180.433 Loading class java/util/stream/IntPipeline$1$1
Event: 180.433 Loading class java/util/stream/Sink$ChainedInt
Event: 180.433 Loading class java/util/stream/Sink$OfInt
Event: 180.433 Loading class java/util/stream/Sink$OfInt done
Event: 180.433 Loading class java/util/stream/Sink$ChainedInt done
Event: 180.433 Loading class java/util/stream/IntPipeline$1$1 done
Event: 180.484 Loading class java/lang/invoke/TypeConvertingMethodAdapter$1
Event: 180.484 Loading class java/lang/invoke/TypeConvertingMethodAdapter$1 done
Event: 180.484 Loading class java/lang/invoke/TypeConvertingMethodAdapter$BoxHolder
Event: 180.484 Loading class java/lang/invoke/TypeConvertingMethodAdapter$BoxHolder done

Classes unloaded (0 events):
No events

Classes redefined (0 events):
No events

Internal exceptions (20 events):
Event: 150.554 Thread 0x000001d059351280 Implicit null exception at 0x000001d03f68c46a to 0x000001d03f68ca00
Event: 150.557 Thread 0x000001d059351280 Exception <a 'java/lang/NoSuchMethodError'{0x0000000613acb330}: 'java.lang.Object java.lang.invoke.DirectMethodHandle$Holder.newInvokeSpecial(java.lang.Object, java.lang.Object, int, int, int, int, int, java.lang.Object)'> (0x0000000613acb330) 
thrown [s\open\src\hotspot\share\interpreter\linkResolver.cpp, line 804]
Event: 155.130 Thread 0x000001d059351280 Exception <a 'java/net/UnknownHostException'{0x0000000613afbcc8}> (0x0000000613afbcc8) 
thrown [s\open\src\hotspot\share\prims\jni.cpp, line 534]
Event: 160.115 Thread 0x000001d059351280 Exception <a 'java/net/UnknownHostException'{0x0000000613b18380}> (0x0000000613b18380) 
thrown [s\open\src\hotspot\share\prims\jni.cpp, line 534]
Event: 160.168 Thread 0x000001d059351280 Exception <a 'java/lang/NoSuchMethodError'{0x000000061338ee90}: 'long java.lang.invoke.DirectMethodHandle$Holder.invokeSpecial(java.lang.Object, java.lang.Object)'> (0x000000061338ee90) 
thrown [s\open\src\hotspot\share\interpreter\linkResolver.cpp, line 804]
Event: 160.168 Thread 0x000001d059351280 Exception <a 'java/lang/NoSuchMethodError'{0x0000000613396d70}: 'long java.lang.invoke.Invokers$Holder.invokeExact_MT(java.lang.Object, java.lang.Object)'> (0x0000000613396d70) 
thrown [s\open\src\hotspot\share\interpreter\linkResolver.cpp, line 804]
Event: 169.808 Thread 0x000001d059127ee0 Exception <a 'java/lang/NoSuchMethodError'{0x0000000612c06488}: static Lorg/example/loginregister/server/common/network/Response;.<clinit>()V> (0x0000000612c06488) 
thrown [s\open\src\hotspot\share\prims\jni.cpp, line 1106]
Event: 170.132 Thread 0x000001d059127ee0 Exception <a 'java/lang/NoSuchMethodError'{0x0000000612c2d078}: static Lorg/example/loginregister/server/model/entity/item/Item;.<clinit>()V> (0x0000000612c2d078) 
thrown [s\open\src\hotspot\share\prims\jni.cpp, line 1106]
Event: 170.133 Thread 0x000001d059127ee0 Exception <a 'java/lang/NoSuchMethodError'{0x0000000612c36ca0}: static Lorg/example/loginregister/server/model/entity/item/Vehicle;.<clinit>()V> (0x0000000612c36ca0) 
thrown [s\open\src\hotspot\share\prims\jni.cpp, line 1106]
Event: 170.136 Thread 0x000001d059127ee0 Exception <a 'java/lang/NoSuchMethodError'{0x0000000612c43798}: static Lorg/example/loginregister/server/model/entity/user/User;.<clinit>()V> (0x0000000612c43798) 
thrown [s\open\src\hotspot\share\prims\jni.cpp, line 1106]
Event: 170.138 Thread 0x000001d059127ee0 Exception <a 'java/lang/NoSuchMethodError'{0x0000000612c52600}: static Lorg/example/loginregister/server/model/entity/user/Seller;.<clinit>()V> (0x0000000612c52600) 
thrown [s\open\src\hotspot\share\prims\jni.cpp, line 1106]
Event: 170.147 Thread 0x000001d059127ee0 Exception <a 'java/lang/NoSuchMethodError'{0x0000000612c896e8}: static Lorg/example/loginregister/server/model/entity/item/Art;.<clinit>()V> (0x0000000612c896e8) 
thrown [s\open\src\hotspot\share\prims\jni.cpp, line 1106]
Event: 170.151 Thread 0x000001d059127ee0 Exception <a 'java/lang/NoSuchMethodError'{0x0000000612c959c0}: static Lorg/example/loginregister/server/model/entity/item/Electronics;.<clinit>()V> (0x0000000612c959c0) 
thrown [s\open\src\hotspot\share\prims\jni.cpp, line 1106]
Event: 170.180 Thread 0x000001d059351280 Exception <a 'java/lang/NoSuchMethodError'{0x0000000612e9d5b8}: 'java.lang.Object java.lang.invoke.DelegatingMethodHandle$Holder.reinvoke_L(java.lang.Object, java.lang.Object, long, long, int)'> (0x0000000612e9d5b8) 
thrown [s\open\src\hotspot\share\interpreter\linkResolver.cpp, line 804]
Event: 180.563 Thread 0x000001d059351280 Exception <a 'java/io/FileNotFoundException'{0x0000000611f05148}> (0x0000000611f05148) 
thrown [s\open\src\hotspot\share\prims\jni.cpp, line 516]
Event: 180.563 Thread 0x000001d059351280 Exception <a 'java/io/FileNotFoundException'{0x0000000611f06ce8}> (0x0000000611f06ce8) 
thrown [s\open\src\hotspot\share\prims\jni.cpp, line 516]
Event: 180.564 Thread 0x000001d059351280 Exception <a 'java/io/FileNotFoundException'{0x0000000611f088a0}> (0x0000000611f088a0) 
thrown [s\open\src\hotspot\share\prims\jni.cpp, line 516]
Event: 180.564 Thread 0x000001d059351280 Exception <a 'java/io/FileNotFoundException'{0x0000000611f0a440}> (0x0000000611f0a440) 
thrown [s\open\src\hotspot\share\prims\jni.cpp, line 516]
Event: 180.606 Thread 0x000001d05906e4d0 Implicit null exception at 0x000001d03f69c4e5 to 0x000001d03f69e99d
Event: 180.607 Thread 0x000001d05906e4d0 Implicit null exception at 0x000001d03f6a224f to 0x000001d03f6a248b

VM Operations (20 events):
Event: 140.920 Executing non-safepoint VM operation: HandshakeAllThreads (Deoptimize)
Event: 140.920 Executing non-safepoint VM operation: HandshakeAllThreads (Deoptimize) done
Event: 145.935 Executing non-safepoint VM operation: HandshakeAllThreads (Deoptimize)
Event: 145.935 Executing non-safepoint VM operation: HandshakeAllThreads (Deoptimize) done
Event: 170.143 Executing non-safepoint VM operation: HandshakeAllThreads (Deoptimize)
Event: 170.143 Executing non-safepoint VM operation: HandshakeAllThreads (Deoptimize) done
Event: 170.177 Executing non-safepoint VM operation: HandshakeAllThreads (Deoptimize)
Event: 170.177 Executing non-safepoint VM operation: HandshakeAllThreads (Deoptimize) done
Event: 180.441 Executing non-safepoint VM operation: HandshakeAllThreads (Deoptimize)
Event: 180.441 Executing non-safepoint VM operation: HandshakeAllThreads (Deoptimize) done
Event: 180.445 Executing non-safepoint VM operation: HandshakeAllThreads (Deoptimize)
Event: 180.446 Executing non-safepoint VM operation: HandshakeAllThreads (Deoptimize) done
Event: 180.457 Executing non-safepoint VM operation: HandshakeAllThreads (Deoptimize)
Event: 180.457 Executing non-safepoint VM operation: HandshakeAllThreads (Deoptimize) done
Event: 180.490 Executing non-safepoint VM operation: HandshakeAllThreads (Deoptimize)
Event: 180.490 Executing non-safepoint VM operation: HandshakeAllThreads (Deoptimize) done
Event: 180.520 Executing non-safepoint VM operation: HandshakeAllThreads (HandshakeForDeflation)
Event: 180.521 Executing non-safepoint VM operation: HandshakeAllThreads (HandshakeForDeflation) done
Event: 180.521 Executing non-safepoint VM operation: RendezvousGCThreads
Event: 180.521 Executing non-safepoint VM operation: RendezvousGCThreads done

Memory protections (0 events):
No events

Nmethod flushes (0 events):
No events

Events (20 events):
Event: 119.511 Thread 0x000001d050cdd6c0 Thread added: 0x000001d05f99d0d0
Event: 119.726 Thread 0x000001d05f99d0d0 Thread exited: 0x000001d05f99d0d0
Event: 119.790 Thread 0x000001d05f99a880 Thread exited: 0x000001d05f99a880
Event: 121.173 Thread 0x000001d050cdd6c0 Thread added: 0x000001d05f99c8c0
Event: 121.374 Thread 0x000001d05f99c8c0 Thread exited: 0x000001d05f99c8c0
Event: 140.819 Thread 0x000001d059351280 Thread added: 0x000001d0588feb50
Event: 140.850 Thread 0x000001d050cdd6c0 Thread added: 0x000001d05f99c0b0
Event: 140.850 Thread 0x000001d050cdd6c0 Thread added: 0x000001d05f99c8c0
Event: 145.913 Thread 0x000001d05f99c8c0 Thread exited: 0x000001d05f99c8c0
Event: 145.913 Thread 0x000001d05f99c0b0 Thread exited: 0x000001d05f99c0b0
Event: 145.940 Thread 0x000001d050cd9e00 Thread added: 0x000001d05f99c8c0
Event: 145.941 Thread 0x000001d050cd9e00 Thread added: 0x000001d05f99a070
Event: 155.131 Thread 0x000001d05f99a070 Thread exited: 0x000001d05f99a070
Event: 155.131 Thread 0x000001d05f99c8c0 Thread exited: 0x000001d05f99c8c0
Event: 170.184 Thread 0x000001d059351280 Thread added: 0x000001d058113150
Event: 170.193 Thread 0x000001d050cdd6c0 Thread added: 0x000001d05f99a880
Event: 175.211 Thread 0x000001d05f99a880 Thread exited: 0x000001d05f99a880
Event: 180.368 Thread 0x000001d059351280 Thread added: 0x000001d0584d5d90
Event: 180.414 Thread 0x000001d050cdd6c0 Thread added: 0x000001d05f99a880
Event: 180.521 Thread 0x000001d050cdd6c0 Thread added: 0x000001d05f99e900


Dynamic libraries:
0x00007ff7b3a90000 - 0x00007ff7b3aa0000 	C:\Program Files\Java\jdk-25.0.2\bin\java.exe
0x00007ffdf5300000 - 0x00007ffdf5567000 	C:\Windows\SYSTEM32\ntdll.dll
0x00007ffdf3820000 - 0x00007ffdf38e9000 	C:\Windows\System32\KERNEL32.DLL
0x00007ffdf2b00000 - 0x00007ffdf2ef7000 	C:\Windows\System32\KERNELBASE.dll
0x00007ffdf2f00000 - 0x00007ffdf304b000 	C:\Windows\System32\ucrtbase.dll
0x00007ffdee910000 - 0x00007ffdee927000 	C:\Program Files\Java\jdk-25.0.2\bin\jli.dll
0x00007ffdf4c10000 - 0x00007ffdf4dd6000 	C:\Windows\System32\USER32.dll
0x00007ffdf2120000 - 0x00007ffdf2147000 	C:\Windows\System32\win32u.dll
0x00007ffde9250000 - 0x00007ffde926e000 	C:\Program Files\Java\jdk-25.0.2\bin\VCRUNTIME140.dll
0x00007ffdf4950000 - 0x00007ffdf497b000 	C:\Windows\System32\GDI32.dll
0x00007ffdf1d00000 - 0x00007ffdf1e2c000 	C:\Windows\System32\gdi32full.dll
0x00007ffddac00000 - 0x00007ffddae92000 	C:\Windows\WinSxS\amd64_microsoft.windows.common-controls_6595b64144ccf1df_6.0.26100.8457_none_3e0b2faee331e92d\COMCTL32.dll
0x00007ffdf21e0000 - 0x00007ffdf2283000 	C:\Windows\System32\msvcp_win.dll
0x00007ffdf4720000 - 0x00007ffdf47c9000 	C:\Windows\System32\msvcrt.dll
0x00007ffdf4650000 - 0x00007ffdf4682000 	C:\Windows\System32\IMM32.DLL
0x00007ffdee900000 - 0x00007ffdee90c000 	C:\Program Files\Java\jdk-25.0.2\bin\vcruntime140_1.dll
0x00007ffddab70000 - 0x00007ffddabfd000 	C:\Program Files\Java\jdk-25.0.2\bin\msvcp140.dll
0x00007ffd73800000 - 0x00007ffd7465f000 	C:\Program Files\Java\jdk-25.0.2\bin\server\jvm.dll
0x00007ffdf3e70000 - 0x00007ffdf3f26000 	C:\Windows\System32\ADVAPI32.dll
0x00007ffdf3c40000 - 0x00007ffdf3ce7000 	C:\Windows\System32\sechost.dll
0x00007ffdf3cf0000 - 0x00007ffdf3e08000 	C:\Windows\System32\RPCRT4.dll
0x00007ffdf3900000 - 0x00007ffdf3980000 	C:\Windows\System32\WS2_32.dll
0x00007ffdf1b60000 - 0x00007ffdf1bbe000 	C:\Windows\SYSTEM32\POWRPROF.dll
0x00007ffdeebe0000 - 0x00007ffdeec16000 	C:\Windows\SYSTEM32\WINMM.dll
0x00007ffde9910000 - 0x00007ffde991b000 	C:\Windows\SYSTEM32\VERSION.dll
0x00007ffdf1b40000 - 0x00007ffdf1b54000 	C:\Windows\SYSTEM32\UMPDC.dll
0x00007ffdf0a90000 - 0x00007ffdf0aab000 	C:\Windows\SYSTEM32\kernel.appcore.dll
0x00007ffde02b0000 - 0x00007ffde02ba000 	C:\Program Files\Java\jdk-25.0.2\bin\jimage.dll
0x00007ffdefb70000 - 0x00007ffdefdb2000 	C:\Windows\SYSTEM32\DBGHELP.DLL
0x00007ffdf3f30000 - 0x00007ffdf42b3000 	C:\Windows\System32\combase.dll
0x00007ffdf43d0000 - 0x00007ffdf44a9000 	C:\Windows\System32\OLEAUT32.dll
0x00007ffdeca50000 - 0x00007ffdeca8b000 	C:\Windows\SYSTEM32\dbgcore.DLL
0x00007ffdf1ef0000 - 0x00007ffdf1f98000 	C:\Windows\System32\bcryptPrimitives.dll
0x00007ffddf170000 - 0x00007ffddf18f000 	C:\Program Files\Java\jdk-25.0.2\bin\java.dll
0x00007ffdf44b0000 - 0x00007ffdf4647000 	C:\Windows\System32\ole32.dll
0x00007ffdf3050000 - 0x00007ffdf37be000 	C:\Windows\System32\SHELL32.dll
0x00007ffdf2290000 - 0x00007ffdf2afc000 	C:\Windows\System32\windows.storage.dll
0x00007ffdf42d0000 - 0x00007ffdf43c6000 	C:\Windows\System32\SHCORE.dll
0x00007ffdf48d0000 - 0x00007ffdf4936000 	C:\Windows\System32\shlwapi.dll
0x00007ffdf1c20000 - 0x00007ffdf1c49000 	C:\Windows\SYSTEM32\profapi.dll
0x00007ffdde1c0000 - 0x00007ffdde1d2000 	C:\Program Files\Java\jdk-25.0.2\bin\net.dll
0x00007ffdf1000000 - 0x00007ffdf106c000 	C:\Windows\system32\mswsock.dll
0x00007ffdde1a0000 - 0x00007ffdde1b6000 	C:\Program Files\Java\jdk-25.0.2\bin\nio.dll
0x00007ffdddce0000 - 0x00007ffdddcf7000 	C:\Program Files\Java\jdk-25.0.2\bin\zip.dll
0x000001d053e20000 - 0x000001d053e24000 	C:\Users\lenovo\.openjfx\cache\25+29\amd64\api-ms-win-core-console-l1-1-0.dll
0x000001d053e30000 - 0x000001d053e34000 	C:\Users\lenovo\.openjfx\cache\25+29\amd64\api-ms-win-core-console-l1-2-0.dll
0x000001d053e40000 - 0x000001d053e44000 	C:\Users\lenovo\.openjfx\cache\25+29\amd64\api-ms-win-core-datetime-l1-1-0.dll
0x000001d053e50000 - 0x000001d053e54000 	C:\Users\lenovo\.openjfx\cache\25+29\amd64\api-ms-win-core-debug-l1-1-0.dll
0x000001d053e60000 - 0x000001d053e64000 	C:\Users\lenovo\.openjfx\cache\25+29\amd64\api-ms-win-core-errorhandling-l1-1-0.dll
0x000001d053e70000 - 0x000001d053e75000 	C:\Users\lenovo\.openjfx\cache\25+29\amd64\api-ms-win-core-file-l1-1-0.dll
0x000001d053fb0000 - 0x000001d053fb4000 	C:\Users\lenovo\.openjfx\cache\25+29\amd64\api-ms-win-core-file-l1-2-0.dll
0x000001d053fc0000 - 0x000001d053fc4000 	C:\Users\lenovo\.openjfx\cache\25+29\amd64\api-ms-win-core-file-l2-1-0.dll
0x000001d053fd0000 - 0x000001d053fd4000 	C:\Users\lenovo\.openjfx\cache\25+29\amd64\api-ms-win-core-handle-l1-1-0.dll
0x000001d053fa0000 - 0x000001d053fa4000 	C:\Users\lenovo\.openjfx\cache\25+29\amd64\api-ms-win-core-heap-l1-1-0.dll
0x000001d053fe0000 - 0x000001d053fe4000 	C:\Users\lenovo\.openjfx\cache\25+29\amd64\api-ms-win-core-interlocked-l1-1-0.dll
0x000001d053ff0000 - 0x000001d053ff4000 	C:\Users\lenovo\.openjfx\cache\25+29\amd64\api-ms-win-core-libraryloader-l1-1-0.dll
0x000001d059900000 - 0x000001d059904000 	C:\Users\lenovo\.openjfx\cache\25+29\amd64\api-ms-win-core-localization-l1-2-0.dll
0x000001d059910000 - 0x000001d059914000 	C:\Users\lenovo\.openjfx\cache\25+29\amd64\api-ms-win-core-memory-l1-1-0.dll
0x000001d053e80000 - 0x000001d053e84000 	C:\Users\lenovo\.openjfx\cache\25+29\amd64\api-ms-win-core-namedpipe-l1-1-0.dll
0x000001d053e90000 - 0x000001d053e94000 	C:\Users\lenovo\.openjfx\cache\25+29\amd64\api-ms-win-core-processenvironment-l1-1-0.dll
0x000001d053ea0000 - 0x000001d053ea4000 	C:\Users\lenovo\.openjfx\cache\25+29\amd64\api-ms-win-core-processthreads-l1-1-0.dll
0x000001d053eb0000 - 0x000001d053eb4000 	C:\Users\lenovo\.openjfx\cache\25+29\amd64\api-ms-win-core-processthreads-l1-1-1.dll
0x000001d053ec0000 - 0x000001d053ec4000 	C:\Users\lenovo\.openjfx\cache\25+29\amd64\api-ms-win-core-profile-l1-1-0.dll
0x000001d053ed0000 - 0x000001d053ed4000 	C:\Users\lenovo\.openjfx\cache\25+29\amd64\api-ms-win-core-rtlsupport-l1-1-0.dll
0x000001d053ee0000 - 0x000001d053ee4000 	C:\Users\lenovo\.openjfx\cache\25+29\amd64\api-ms-win-core-string-l1-1-0.dll
0x000001d053ef0000 - 0x000001d053ef4000 	C:\Users\lenovo\.openjfx\cache\25+29\amd64\api-ms-win-core-synch-l1-1-0.dll
0x000001d053f00000 - 0x000001d053f04000 	C:\Users\lenovo\.openjfx\cache\25+29\amd64\api-ms-win-core-synch-l1-2-0.dll
0x000001d053f10000 - 0x000001d053f14000 	C:\Users\lenovo\.openjfx\cache\25+29\amd64\api-ms-win-core-sysinfo-l1-1-0.dll
0x000001d053f20000 - 0x000001d053f24000 	C:\Users\lenovo\.openjfx\cache\25+29\amd64\api-ms-win-core-timezone-l1-1-0.dll
0x000001d053f30000 - 0x000001d053f34000 	C:\Users\lenovo\.openjfx\cache\25+29\amd64\api-ms-win-core-util-l1-1-0.dll
0x000001d053f40000 - 0x000001d053f44000 	C:\Users\lenovo\.openjfx\cache\25+29\amd64\api-ms-win-crt-conio-l1-1-0.dll
0x000001d053f50000 - 0x000001d053f55000 	C:\Users\lenovo\.openjfx\cache\25+29\amd64\api-ms-win-crt-convert-l1-1-0.dll
0x000001d053f60000 - 0x000001d053f64000 	C:\Users\lenovo\.openjfx\cache\25+29\amd64\api-ms-win-crt-environment-l1-1-0.dll
0x000001d053f70000 - 0x000001d053f74000 	C:\Users\lenovo\.openjfx\cache\25+29\amd64\api-ms-win-crt-filesystem-l1-1-0.dll
0x000001d053f80000 - 0x000001d053f84000 	C:\Users\lenovo\.openjfx\cache\25+29\amd64\api-ms-win-crt-heap-l1-1-0.dll
0x000001d053f90000 - 0x000001d053f94000 	C:\Users\lenovo\.openjfx\cache\25+29\amd64\api-ms-win-crt-locale-l1-1-0.dll
0x000001d0597d0000 - 0x000001d0597d6000 	C:\Users\lenovo\.openjfx\cache\25+29\amd64\api-ms-win-crt-math-l1-1-0.dll
0x000001d0597e0000 - 0x000001d0597e6000 	C:\Users\lenovo\.openjfx\cache\25+29\amd64\api-ms-win-crt-multibyte-l1-1-0.dll
0x000001d0597f0000 - 0x000001d059801000 	C:\Users\lenovo\.openjfx\cache\25+29\amd64\api-ms-win-crt-private-l1-1-0.dll
0x000001d059810000 - 0x000001d059814000 	C:\Users\lenovo\.openjfx\cache\25+29\amd64\api-ms-win-crt-process-l1-1-0.dll
0x000001d059820000 - 0x000001d059825000 	C:\Users\lenovo\.openjfx\cache\25+29\amd64\api-ms-win-crt-runtime-l1-1-0.dll
0x000001d059830000 - 0x000001d059835000 	C:\Users\lenovo\.openjfx\cache\25+29\amd64\api-ms-win-crt-stdio-l1-1-0.dll
0x000001d059840000 - 0x000001d059845000 	C:\Users\lenovo\.openjfx\cache\25+29\amd64\api-ms-win-crt-string-l1-1-0.dll
0x000001d059850000 - 0x000001d059854000 	C:\Users\lenovo\.openjfx\cache\25+29\amd64\api-ms-win-crt-time-l1-1-0.dll
0x000001d059860000 - 0x000001d059864000 	C:\Users\lenovo\.openjfx\cache\25+29\amd64\api-ms-win-crt-utility-l1-1-0.dll
0x00007ffd7de10000 - 0x00007ffd7df21000 	C:\Users\lenovo\.openjfx\cache\25+29\amd64\ucrtbase.dll
0x00007ffdd4460000 - 0x00007ffdd447e000 	C:\Users\lenovo\.openjfx\cache\25+29\amd64\vcruntime140.dll
0x00007ffdd4250000 - 0x00007ffdd425c000 	C:\Users\lenovo\.openjfx\cache\25+29\amd64\vcruntime140_1.dll
0x00007ffd8afe0000 - 0x00007ffd8b06d000 	C:\Users\lenovo\.openjfx\cache\25+29\amd64\msvcp140.dll
0x00007ffdd4240000 - 0x00007ffdd4249000 	C:\Users\lenovo\.openjfx\cache\25+29\amd64\msvcp140_1.dll
0x00007ffd9a740000 - 0x00007ffd9a781000 	C:\Users\lenovo\.openjfx\cache\25+29\amd64\msvcp140_2.dll
0x00007ffda9400000 - 0x00007ffda9430000 	C:\Users\lenovo\.openjfx\cache\25+29\amd64\prism_d3d.dll
0x00007ffd9cad0000 - 0x00007ffd9cc83000 	C:\Windows\system32\d3d9.dll
0x00007ffdef560000 - 0x00007ffdef58f000 	C:\Windows\SYSTEM32\dwmapi.dll
0x00007ffdef4f0000 - 0x00007ffdef535000 	C:\Windows\SYSTEM32\dxcore.dll
0x00007ffdef2a0000 - 0x00007ffdef34a000 	C:\Windows\system32\uxtheme.dll
0x00007ffd919b0000 - 0x00007ffd93e2b000 	C:\Windows\System32\DriverStore\FileRepository\iigd_dch.inf_amd64_341b0ed10e7d04b2\igd9trinity64.dll
0x00007ffdef3a0000 - 0x00007ffdef4de000 	C:\Windows\system32\dxgi.dll
0x00007ffde1b50000 - 0x00007ffde6ce8000 	C:\Windows\System32\DriverStore\FileRepository\iigd_dch.inf_amd64_341b0ed10e7d04b2\igc64.dll
0x00007ffde0ac0000 - 0x00007ffde0b44000 	C:\Windows\System32\DriverStore\FileRepository\iigd_dch.inf_amd64_341b0ed10e7d04b2\igdgmm2_64.dll
0x00007ffddfe70000 - 0x00007ffde01f6000 	C:\Windows\System32\DriverStore\FileRepository\iigd_dch.inf_amd64_341b0ed10e7d04b2\igdgmm64.dll
0x00007ffddfaf0000 - 0x00007ffddfb3e000 	C:\Windows\SYSTEM32\ControlLib.dll
0x00007ffdf1870000 - 0x00007ffdf18c1000 	C:\Windows\SYSTEM32\CFGMGR32.dll
0x00007ffdbfe80000 - 0x00007ffdbff32000 	C:\Windows\System32\DriverStore\FileRepository\iigd_dch.inf_amd64_341b0ed10e7d04b2\IntelControlLib.dll
0x00007ffded220000 - 0x00007ffded482000 	C:\Windows\SYSTEM32\d3d11.dll
0x00007ffdebc20000 - 0x00007ffdebc81000 	C:\Windows\SYSTEM32\directxdatabasehelper.dll
0x00007ffd97a60000 - 0x00007ffd991a4000 	C:\Windows\System32\DriverStore\FileRepository\iigd_dch.inf_amd64_341b0ed10e7d04b2\igd9dxva64.dll
0x00007ffdf4de0000 - 0x00007ffdf5267000 	C:\Windows\System32\SETUPAPI.dll
0x00007ffdcbe00000 - 0x00007ffdcdd51000 	C:\Windows\System32\DriverStore\FileRepository\iigd_dch.inf_amd64_341b0ed10e7d04b2\media_bin_64.dll
0x00007ffd9a350000 - 0x00007ffd9a399000 	C:\Users\lenovo\.openjfx\cache\25+29\amd64\glass.dll
0x00007ffdf47d0000 - 0x00007ffdf48c0000 	C:\Windows\System32\COMDLG32.dll
0x00007ffdf3b70000 - 0x00007ffdf3c1e000 	C:\Windows\System32\clbcatq.dll
0x00007ffddd550000 - 0x00007ffddd6aa000 	C:\Windows\System32\Windows.UI.dll
0x00007ffdc40a0000 - 0x00007ffdc415a000 	C:\Windows\System32\Windows.Networking.Connectivity.dll
0x00007ffde0cc0000 - 0x00007ffde0f0e000 	C:\Windows\System32\twinapi.appcore.dll
0x00007ffdeafa0000 - 0x00007ffdeb10a000 	C:\Windows\System32\WinTypes.dll
0x00007ffdf4980000 - 0x00007ffdf4adc000 	C:\Windows\System32\MSCTF.dll
0x00007ffddf260000 - 0x00007ffddf3fb000 	C:\Windows\System32\DriverStore\FileRepository\iigd_dch.inf_amd64_341b0ed10e7d04b2\igdml64.dll
0x00007ffdcbc30000 - 0x00007ffdcbc58000 	C:\Windows\System32\DriverStore\FileRepository\iigd_dch.inf_amd64_341b0ed10e7d04b2\igdinfo64.dll
0x00007ffdf12e0000 - 0x00007ffdf12fb000 	C:\Windows\SYSTEM32\CRYPTSP.dll
0x00007ffdf09f0000 - 0x00007ffdf0a29000 	C:\Windows\system32\rsaenh.dll
0x00007ffdf1300000 - 0x00007ffdf130c000 	C:\Windows\SYSTEM32\CRYPTBASE.dll
0x00007ffdf1bf0000 - 0x00007ffdf1c1a000 	C:\Windows\SYSTEM32\bcrypt.dll
0x00007ffddce00000 - 0x00007ffddcf50000 	C:\Windows\System32\Windows.UI.Immersive.dll
0x00007ffde98f0000 - 0x00007ffde9909000 	C:\Windows\System32\npmproxy.dll
0x00007ffde9b40000 - 0x00007ffde9bce000 	C:\Windows\SYSTEM32\wlanapi.dll
0x00007ffde9be0000 - 0x00007ffde9c02000 	C:\Windows\SYSTEM32\MobileNetworking.dll
0x00007ffdf0530000 - 0x00007ffdf0562000 	C:\Windows\System32\IPHLPAPI.DLL

JVMTI agents: none

dbghelp: loaded successfully - version: 4.0.5 - missing functions: none
symbol engine: initialized successfully - sym options: 0x614 - pdb path: .;C:\Program Files\Java\jdk-25.0.2\bin;C:\Windows\SYSTEM32;C:\Windows\WinSxS\amd64_microsoft.windows.common-controls_6595b64144ccf1df_6.0.26100.8457_none_3e0b2faee331e92d;C:\Program Files\Java\jdk-25.0.2\bin\server;C:\Users\lenovo\.openjfx\cache\25+29\amd64;C:\Windows\System32\DriverStore\FileRepository\iigd_dch.inf_amd64_341b0ed10e7d04b2;C:\Program Files\Common Files\Microsoft Shared\Ink

VM Arguments:
jvm_args: -Dfile.encoding=IBM437 --module-path=C:\Users\lenovo\Downloads\DuAn_nhom9\AuctionSystem_final\target\classes;C:\Users\lenovo\.m2\repository\ch\qos\logback\logback-classic\1.5.6\logback-classic-1.5.6.jar;C:\Users\lenovo\.m2\repository\ch\qos\logback\logback-core\1.5.6\logback-core-1.5.6.jar;C:\Users\lenovo\.m2\repository\org\kordamp\bootstrapfx\bootstrapfx-core\0.4.0\bootstrapfx-core-0.4.0.jar;C:\Users\lenovo\.m2\repository\org\openjfx\javafx-base\25\javafx-base-25-win.jar;C:\Users\lenovo\.m2\repository\org\openjfx\javafx-controls\25\javafx-controls-25-win.jar;C:\Users\lenovo\.m2\repository\org\openjfx\javafx-fxml\25\javafx-fxml-25-win.jar;C:\Users\lenovo\.m2\repository\org\openjfx\javafx-graphics\25\javafx-graphics-25-win.jar;C:\Users\lenovo\.m2\repository\org\slf4j\slf4j-api\2.0.7\slf4j-api-2.0.7.jar;C:\Users\lenovo\.m2\repository\org\yaml\snakeyaml\2.6\snakeyaml-2.6.jar --add-modules=org.example.loginregister -Djdk.module.main=org.example.loginregister 
java_command: org.example.loginregister/org.example.loginregister.HelloApplication
java_class_path (initial): C:\Users\lenovo\.m2\repository\com\google\protobuf\protobuf-java\3.25.1\protobuf-java-3.25.1.jar;C:\Users\lenovo\.m2\repository\com\mysql\mysql-connector-j\8.4.0\mysql-connector-j-8.4.0.jar;C:\Users\lenovo\.m2\repository\org\openjfx\javafx-base\25\javafx-base-25.jar;C:\Users\lenovo\.m2\repository\org\openjfx\javafx-controls\25\javafx-controls-25.jar;C:\Users\lenovo\.m2\repository\org\openjfx\javafx-fxml\25\javafx-fxml-25.jar;C:\Users\lenovo\.m2\repository\org\openjfx\javafx-graphics\25\javafx-graphics-25.jar
Launcher Type: SUN_STANDARD

[Global flags]
     intx CICompilerCount                          = 4                                         {product} {ergonomic}
     uint ConcGCThreads                            = 3                                         {product} {ergonomic}
     uint G1ConcRefinementThreads                  = 11                                        {product} {ergonomic}
   size_t G1HeapRegionSize                         = 4194304                                   {product} {ergonomic}
   size_t InitialHeapSize                          = 520093696                                 {product} {ergonomic}
   size_t MarkStackSize                            = 4194304                                   {product} {ergonomic}
   size_t MarkStackSizeMax                         = 536870912                                 {product} {ergonomic}
   size_t MaxHeapSize                              = 8300527616                                {product} {ergonomic}
   size_t MaxNewSize                               = 4978638848                                {product} {ergonomic}
   size_t MinHeapDeltaBytes                        = 4194304                                   {product} {ergonomic}
   size_t MinHeapSize                              = 8388608                                   {product} {ergonomic}
    uintx NonNMethodCodeHeapSize                   = 5832704                                {pd product} {ergonomic}
    uintx NonProfiledCodeHeapSize                  = 122945536                              {pd product} {ergonomic}
    uintx ProfiledCodeHeapSize                     = 122880000                              {pd product} {ergonomic}
    uintx ReservedCodeCacheSize                    = 251658240                              {pd product} {ergonomic}
     bool SegmentedCodeCache                       = true                                      {product} {ergonomic}
   size_t SoftMaxHeapSize                          = 8300527616                             {manageable} {ergonomic}
     bool UseCompressedOops                        = true                           {product lp64_product} {ergonomic}
     bool UseG1GC                                  = true                                      {product} {ergonomic}
     bool UseLargePagesIndividualAllocation        = false                                  {pd product} {ergonomic}

Logging:
Log output configuration:
 #0: stdout all=warning uptime,level,tags foldmultilines=false
 #1: stderr all=off uptime,level,tags foldmultilines=false

Release file:
IMPLEMENTOR="Oracle Corporation" 
JAVA_RUNTIME_VERSION="25.0.2+10-LTS-69" 
JAVA_VERSION="25.0.2" 
JAVA_VERSION_DATE="2026-01-20" 
LIBC="default" 
MODULES="java.base java.compiler java.datatransfer java.xml java.prefs java.desktop java.instrument java.logging java.management java.security.sasl java.naming java.rmi java.management.rmi java.net.http java.scripting java.security.jgss java.transaction.xa java.sql java.sql.rowset java.xml.crypto java.se java.smartcardio jdk.accessibility jdk.internal.jvmstat jdk.attach jdk.charsets jdk.internal.opt jdk.zipfs jdk.compiler jdk.crypto.cryptoki jdk.crypto.ec jdk.crypto.mscapi jdk.dynalink jdk.internal.ed jdk.editpad jdk.internal.vm.ci jdk.graal.compiler jdk.graal.compiler.management jdk.hotspot.agent jdk.httpserver jdk.incubator.vector jdk.internal.le jdk.internal.md jdk.jartool jdk.javadoc jdk.jcmd jdk.management jdk.management.agent jdk.jconsole jdk.jdeps jdk.jdwp.agent jdk.jdi jdk.jfr jdk.jlink jdk.jpackage jdk.jshell jdk.jsobject jdk.jstatd jdk.localedata jdk.management.jfr jdk.naming.dns jdk.naming.rmi jdk.net jdk.nio.mapmode jdk.sctp jdk.security.auth jdk.security.jgss jdk.unsupported jdk.unsupported.desktop jdk.xml.dom" 
OS_ARCH="x86_64" 
OS_NAME="Windows" 
SOURCE=".:git:b75efb40c93a open:git:405a5699ebd0" 

Environment Variables:
JAVA_HOME=C:\Program Files\Java\jdk-25.0.2
JAVA_TOOL_OPTIONS=-Dfile.encoding=IBM437
PATH=C:\Users\lenovo\Downloads\apache-maven-3.9.15-bin\apache-maven-3.9.15\bin;C:\Program Files\Common Files\Oracle\Java\javapath;C:\Windows\system32;C:\Windows;C:\Windows\System32\Wbem;C:\Windows\System32\WindowsPowerShell\v1.0\;C:\Windows\System32\OpenSSH\;C:\Program Files\dotnet\;C:\Program Files\Git\cmd;%MAVEN_HOME%\bin;C:\Users\lenovo\Downloads\apache-maven-3.9.15-bin;C:\Users\lenovo\AppData\Local\Microsoft\WindowsApps;C:\Program Files\JetBrains\IntelliJ IDEA 2025.3.3\bin;C:\Users\lenovo\AppData\Local\GitHubDesktop\bin
USERNAME=lenovo
OS=Windows_NT
PROCESSOR_IDENTIFIER=Intel64 Family 6 Model 197 Stepping 2, GenuineIntel
TMP=C:\Users\lenovo\AppData\Local\Temp
TEMP=C:\Users\lenovo\AppData\Local\Temp




Compilation memory statistics disabled.

Periodic native trim disabled

---------------  S Y S T E M  ---------------

OS:
 Windows 11 , 64 bit Build 26100 (10.0.26100.8328)
OS uptime: 5 days 4:08 hours
Hyper-V role detected

CPU: total 14 (initial active 14) (14 cores per cpu, 1 threads per core) family 6 model 197 stepping 2 microcode 0x11b, cx8, cmov, fxsr, mmx, 3dnowpref, sse, sse2, sse3, ssse3, sse4.1, sse4.2, popcnt, lzcnt, tsc, tscinvbit, avx, avx2, aes, erms, clmul, bmi1, bmi2, adx, sha, fma, vzeroupper, clflush, clflushopt, clwb, hv, serialize, rdtscp, rdpid, fsrm, gfni, f16c, cet_ibt, cet_ss, avx_ifma
Processor Information for processor 0
  Max Mhz: 1700, Current Mhz: 1700, Mhz Limit: 1700
Processor Information for processor 1
  Max Mhz: 1700, Current Mhz: 1700, Mhz Limit: 1700
Processor Information for processor 2
  Max Mhz: 1300, Current Mhz: 1300, Mhz Limit: 1300
Processor Information for processor 3
  Max Mhz: 1300, Current Mhz: 1300, Mhz Limit: 1300
Processor Information for processor 4
  Max Mhz: 1300, Current Mhz: 1300, Mhz Limit: 1300
Processor Information for processor 5
  Max Mhz: 1300, Current Mhz: 1300, Mhz Limit: 1300
Processor Information for processor 6
  Max Mhz: 1300, Current Mhz: 1300, Mhz Limit: 1300
Processor Information for processor 7
  Max Mhz: 1300, Current Mhz: 1300, Mhz Limit: 1300
Processor Information for processor 8
  Max Mhz: 1300, Current Mhz: 1300, Mhz Limit: 1300
Processor Information for processor 9
  Max Mhz: 1300, Current Mhz: 1300, Mhz Limit: 1300
Processor Information for processor 10
  Max Mhz: 1700, Current Mhz: 1700, Mhz Limit: 1700
Processor Information for processor 11
  Max Mhz: 1700, Current Mhz: 1700, Mhz Limit: 1700
Processor Information for processor 12
  Max Mhz: 700, Current Mhz: 700, Mhz Limit: 700
Processor Information for processor 13
  Max Mhz: 700, Current Mhz: 700, Mhz Limit: 700

Memory: 4k page, system-wide physical 31659M (14458M free)
TotalPageFile size 33643M (AvailPageFile size 9376M)
current process WorkingSet (physical memory assigned to process): 381M, peak: 413M
current process commit charge ("private bytes"): 432M, peak: 864M

vm_info: Java HotSpot(TM) 64-Bit Server VM (25.0.2+10-LTS-69) for windows-amd64 JRE (25.0.2+10-LTS-69), built on 2025-12-18T11:36:35Z with MS VC++ 17.13 (VS2022)

END.
